link,rtt,msms,countries,cables
45.134.88.1 184.105.223.110,142.28,27268740,GB &#8594; US,Apollo|AC-1|AC-2|GTT Atlantic|FA-1|EXA|TGN|Yellow|Amitied
78.141.246.167 23.142.248.1,43.44,23498760,GB &#8594; US,Apollo|AC-1|AC-2|GTT Atlantic|FA-1|EXA|TGN|Yellow|Amitied
171.75.8.17 184.104.193.126,120.76,43905554,GB &#8594; US,Apollo|AC-1|AC-2|GTT Atlantic|FA-1|EXA|TGN|Yellow|Amitied
185.40.232.35 72.52.114.246,40.01,5015,GB &#8594; US,Apollo|AC-1|AC-2|GTT Atlantic|FA-1|EXA|TGN|Yellow|Amitied
195.219.213.128 154.54.76.217,112.67,22561785,GB &#8594; US,Apollo|AC-1|AC-2|GTT Atlantic|FA-1|EXA|TGN|Yellow|Amitied
171.75.9.210 4.68.59.109,128.86,50181682,GB &#8594; US,Apollo|AC-1|AC-2|GTT Atlantic|FA-1|EXA|TGN|Yellow|Amitied
213.19.197.34 4.69.206.165,97.88,23059815,GB &#8594; US,Apollo|AC-1|AC-2|GTT Atlantic|FA-1|EXA|TGN|Yellow|Amitied
193.114.180.17 208.115.137.35,101.41,77764435|23024622|15766243,GB &#8594; US,Apollo|AC-1|AC-2|GTT Atlantic|FA-1|EXA|TGN|Yellow|Amitied
171.75.8.10 4.68.68.125,135.89,28236162|18085285|21049931,GB &#8594; US,Apollo|AC-1|AC-2|GTT Atlantic|FA-1|EXA|TGN|Yellow|Amitied
171.75.9.11 4.68.62.129,155.33,52509023,GB &#8594; US,Apollo|AC-1|AC-2|GTT Atlantic|FA-1|EXA|TGN|Yellow|Amitied
193.114.180.17 154.54.166.58,66.05,20937757,GB &#8594; US,Apollo|AC-1|AC-2|GTT Atlantic|FA-1|EXA|TGN|Yellow|Amitied
171.75.9.43 4.15.38.133,128.10,27216503,GB &#8594; US,Apollo|AC-1|AC-2|GTT Atlantic|FA-1|EXA|TGN|Yellow|Amitied
171.75.8.25 4.15.38.133,118.72,26977868,GB &#8594; US,Apollo|AC-1|AC-2|GTT Atlantic|FA-1|EXA|TGN|Yellow|Amitied
87.245.232.113 66.110.101.35,171.32,48495046,GB &#8594; US,Apollo|AC-1|AC-2|GTT Atlantic|FA-1|EXA|TGN|Yellow|Amitied
217.161.78.173 154.54.77.82,55.09,5029,GB &#8594; US,Apollo|AC-1|AC-2|GTT Atlantic|FA-1|EXA|TGN|Yellow|Amitied
171.75.9.123 199.229.230.102,110.85,25565106,GB &#8594; US,Apollo|AC-1|AC-2|GTT Atlantic|FA-1|EXA|TGN|Yellow|Amitied
171.75.9.189 4.14.111.245,135.91,22919930,GB &#8594; US,Apollo|AC-1|AC-2|GTT Atlantic|FA-1|EXA|TGN|Yellow|Amitied
171.75.9.123 4.34.73.93,78.84,25565106,GB &#8594; US,Apollo|AC-1|AC-2|GTT Atlantic|FA-1|EXA|TGN|Yellow|Amitied
195.22.209.220 195.22.195.180,78.89,23910662,GB &#8594; US,Apollo|AC-1|AC-2|GTT Atlantic|FA-1|EXA|TGN|Yellow|Amitied
171.75.8.161 4.68.39.97,117.12,9181034,GB &#8594; US,Apollo|AC-1|AC-2|GTT Atlantic|FA-1|EXA|TGN|Yellow|Amitied
80.231.131.72 154.54.41.114,97.48,3100625,GB &#8594; US,Apollo|AC-1|AC-2|GTT Atlantic|FA-1|EXA|TGN|Yellow|Amitied
193.114.177.149 206.81.80.128,158.27,51313690,GB &#8594; US,Apollo|AC-1|AC-2|GTT Atlantic|FA-1|EXA|TGN|Yellow|Amitied
171.75.9.43 66.110.9.112,91.66,49130787,GB &#8594; US,Apollo|AC-1|AC-2|GTT Atlantic|FA-1|EXA|TGN|Yellow|Amitied
171.75.9.210 4.68.72.33,101.98,38989550|79429530,GB &#8594; US,Apollo|AC-1|AC-2|GTT Atlantic|FA-1|EXA|TGN|Yellow|Amitied
171.75.8.10 72.52.92.70,48.40,28236162,GB &#8594; US,Apollo|AC-1|AC-2|GTT Atlantic|FA-1|EXA|TGN|Yellow|Amitied
171.75.9.153 134.159.61.106,147.59,3589802,GB &#8594; US,Apollo|AC-1|AC-2|GTT Atlantic|FA-1|EXA|TGN|Yellow|Amitied
62.40.98.221 50.28.96.228,174.53,3589802,GB &#8594; US,Apollo|AC-1|AC-2|GTT Atlantic|FA-1|EXA|TGN|Yellow|Amitied
171.75.8.197 163.253.1.101,49.19,50062157,GB &#8594; US,Apollo|AC-1|AC-2|GTT Atlantic|FA-1|EXA|TGN|Yellow|Amitied
195.50.123.34 163.253.2.34,123.98,45764189,GB &#8594; US,Apollo|AC-1|AC-2|GTT Atlantic|FA-1|EXA|TGN|Yellow|Amitied
195.50.123.34 171.75.10.119,95.42,45764214,GB &#8594; US,Apollo|AC-1|AC-2|GTT Atlantic|FA-1|EXA|TGN|Yellow|Amitied
212.113.14.250 154.54.6.221,161.08,50062157,GB &#8594; US,Apollo|AC-1|AC-2|GTT Atlantic|FA-1|EXA|TGN|Yellow|Amitied
171.75.8.161 64.124.105.93,97.18,19652967,GB &#8594; US,Apollo|AC-1|AC-2|GTT Atlantic|FA-1|EXA|TGN|Yellow|Amitied
171.75.9.27 129.250.5.157,90.14,29089930,GB &#8594; US,Apollo|AC-1|AC-2|GTT Atlantic|FA-1|EXA|TGN|Yellow|Amitied
63.218.242.41 63.220.196.129,173.59,11863560,GB &#8594; US,Apollo|AC-1|AC-2|GTT Atlantic|FA-1|EXA|TGN|Yellow|Amitied
63.218.242.41 63.220.195.122,173.25,11863560,GB &#8594; US,Apollo|AC-1|AC-2|GTT Atlantic|FA-1|EXA|TGN|Yellow|Amitied
171.75.8.17 67.214.125.193,78.04,44180440,GB &#8594; US,Apollo|AC-1|AC-2|GTT Atlantic|FA-1|EXA|TGN|Yellow|Amitied
171.75.9.210 4.16.79.13,85.69,70021357|50181682,GB &#8594; US,Apollo|AC-1|AC-2|GTT Atlantic|FA-1|EXA|TGN|Yellow|Amitied
171.75.8.25 64.159.129.153,86.03,52634741,GB &#8594; US,Apollo|AC-1|AC-2|GTT Atlantic|FA-1|EXA|TGN|Yellow|Amitied
63.218.242.41 63.220.197.0,82.34,23910662,GB &#8594; US,Apollo|AC-1|AC-2|GTT Atlantic|FA-1|EXA|TGN|Yellow|Amitied
46.227.200.250 184.104.204.238,155.70,20354881,GB &#8594; US,Apollo|AC-1|AC-2|GTT Atlantic|FA-1|EXA|TGN|Yellow|Amitied
171.75.8.161 4.68.68.125,116.87,30855070|19652967|25639373,GB &#8594; US,Apollo|AC-1|AC-2|GTT Atlantic|FA-1|EXA|TGN|Yellow|Amitied
171.75.9.210 4.68.68.125,101.04,23024622|15766243,GB &#8594; US,Apollo|AC-1|AC-2|GTT Atlantic|FA-1|EXA|TGN|Yellow|Amitied
171.75.8.161 63.218.210.90,309.22,25639373,GB &#8594; US,Apollo|AC-1|AC-2|GTT Atlantic|FA-1|EXA|TGN|Yellow|Amitied
171.75.8.161 134.159.61.106,155.23,19652967|25639373,GB &#8594; US,Apollo|AC-1|AC-2|GTT Atlantic|FA-1|EXA|TGN|Yellow|Amitied
45.77.229.242 208.90.111.159,105.09,21992844,GB &#8594; US,Apollo|AC-1|AC-2|GTT Atlantic|FA-1|EXA|TGN|Yellow|Amitied
195.22.209.220 157.238.226.136,199.12,1431166,GB &#8594; US,Apollo|AC-1|AC-2|GTT Atlantic|FA-1|EXA|TGN|Yellow|Amitied
171.75.9.29 157.238.226.136,207.26,22770707,GB &#8594; US,Apollo|AC-1|AC-2|GTT Atlantic|FA-1|EXA|TGN|Yellow|Amitied
195.22.209.198 89.221.41.80,97.91,1430339,GB &#8594; US,Apollo|AC-1|AC-2|GTT Atlantic|FA-1|EXA|TGN|Yellow|Amitied
171.75.8.87 4.68.63.125,135.47,11863560,GB &#8594; US,Apollo|AC-1|AC-2|GTT Atlantic|FA-1|EXA|TGN|Yellow|Amitied
195.66.224.21 198.32.118.170,66.83,48725385,GB &#8594; US,Apollo|AC-1|AC-2|GTT Atlantic|FA-1|EXA|TGN|Yellow|Amitied
171.75.8.197 64.156.212.73,132.60,50072806,GB &#8594; US,Apollo|AC-1|AC-2|GTT Atlantic|FA-1|EXA|TGN|Yellow|Amitied
171.75.9.210 4.15.122.45,141.84,50181682,GB &#8594; US,Apollo|AC-1|AC-2|GTT Atlantic|FA-1|EXA|TGN|Yellow|Amitied
87.245.234.67 4.30.181.50,87.73,27970631|1962547|25544269,GB &#8594; US,Apollo|AC-1|AC-2|GTT Atlantic|FA-1|EXA|TGN|Yellow|Amitied
195.66.226.161 184.105.222.173,69.16,27425039,GB &#8594; US,Apollo|AC-1|AC-2|GTT Atlantic|FA-1|EXA|TGN|Yellow|Amitied
171.75.8.159 192.34.100.73,127.84,34323646,GB &#8594; US,Apollo|AC-1|AC-2|GTT Atlantic|FA-1|EXA|TGN|Yellow|Amitied
62.40.98.33 4.69.135.122,136.79,26292296,GB &#8594; US,Apollo|AC-1|AC-2|GTT Atlantic|FA-1|EXA|TGN|Yellow|Amitied
171.75.8.25 192.34.100.65,118.11,23677188,GB &#8594; US,Apollo|AC-1|AC-2|GTT Atlantic|FA-1|EXA|TGN|Yellow|Amitied
171.75.8.161 4.68.75.77,105.65,25639373,GB &#8594; US,Apollo|AC-1|AC-2|GTT Atlantic|FA-1|EXA|TGN|Yellow|Amitied
171.75.8.113 4.68.75.77,127.53,23528499,GB &#8594; US,Apollo|AC-1|AC-2|GTT Atlantic|FA-1|EXA|TGN|Yellow|Amitied
195.66.225.234 184.105.224.254,125.80,15556035,GB &#8594; US,Apollo|AC-1|AC-2|GTT Atlantic|FA-1|EXA|TGN|Yellow|Amitied
171.75.8.161 4.28.31.145,98.30,25639801,GB &#8594; US,Apollo|AC-1|AC-2|GTT Atlantic|FA-1|EXA|TGN|Yellow|Amitied
171.75.8.125 129.250.9.85,116.47,12427661,GB &#8594; US,Apollo|AC-1|AC-2|GTT Atlantic|FA-1|EXA|TGN|Yellow|Amitied
195.66.224.87 107.14.19.197,82.02,26933016,GB &#8594; US,Apollo|AC-1|AC-2|GTT Atlantic|FA-1|EXA|TGN|Yellow|Amitied
212.187.216.238 72.52.92.61,147.34,23720870,GB &#8594; US,Apollo|AC-1|AC-2|GTT Atlantic|FA-1|EXA|TGN|Yellow|Amitied
195.66.225.141 184.105.81.41,72.82,28194977,GB &#8594; US,Apollo|AC-1|AC-2|GTT Atlantic|FA-1|EXA|TGN|Yellow|Amitied
171.75.8.87 209.244.120.25,117.34,29011753,GB &#8594; US,Apollo|AC-1|AC-2|GTT Atlantic|FA-1|EXA|TGN|Yellow|Amitied
171.75.9.210 4.68.63.113,137.52,43169709|39587017|26976419,GB &#8594; US,Apollo|AC-1|AC-2|GTT Atlantic|FA-1|EXA|TGN|Yellow|Amitied
171.75.9.210 4.79.46.173,149.06,25697524|11492633,GB &#8594; US,Apollo|AC-1|AC-2|GTT Atlantic|FA-1|EXA|TGN|Yellow|Amitied
195.219.16.129 184.104.188.102,77.07,79413790,GB &#8594; US,Apollo|AC-1|AC-2|GTT Atlantic|FA-1|EXA|TGN|Yellow|Amitied
213.19.193.210 63.218.165.62,237.07,42048255,GB &#8594; US,Apollo|AC-1|AC-2|GTT Atlantic|FA-1|EXA|TGN|Yellow|Amitied
171.75.8.87 4.68.111.101,152.87,29011753,GB &#8594; US,Apollo|AC-1|AC-2|GTT Atlantic|FA-1|EXA|TGN|Yellow|Amitied
63.218.242.129 63.222.7.45,290.58,1430339|1431158,GB &#8594; US,Apollo|AC-1|AC-2|GTT Atlantic|FA-1|EXA|TGN|Yellow|Amitied
195.219.213.130 184.104.192.37,262.45,25603516,GB &#8594; US,Apollo|AC-1|AC-2|GTT Atlantic|FA-1|EXA|TGN|Yellow|Amitied
171.75.9.210 4.68.62.206,272.23,43169709,GB &#8594; US,Apollo|AC-1|AC-2|GTT Atlantic|FA-1|EXA|TGN|Yellow|Amitied
171.75.8.165 4.7.40.241,129.83,50208368,GB &#8594; US,Apollo|AC-1|AC-2|GTT Atlantic|FA-1|EXA|TGN|Yellow|Amitied
213.19.197.34 154.54.57.69,157.50,55518995,GB &#8594; US,Apollo|AC-1|AC-2|GTT Atlantic|FA-1|EXA|TGN|Yellow|Amitied
195.66.225.12 64.71.165.10,144.62,22299087,GB &#8594; US,Apollo|AC-1|AC-2|GTT Atlantic|FA-1|EXA|TGN|Yellow|Amitied
171.75.9.43 4.68.72.145,47.96,44180440,GB &#8594; US,Apollo|AC-1|AC-2|GTT Atlantic|FA-1|EXA|TGN|Yellow|Amitied
63.223.14.66 63.218.27.25,71.44,39291726,GB &#8594; US,Apollo|AC-1|AC-2|GTT Atlantic|FA-1|EXA|TGN|Yellow|Amitied
171.75.8.17 134.159.61.106,177.49,43905554,GB &#8594; US,Apollo|AC-1|AC-2|GTT Atlantic|FA-1|EXA|TGN|Yellow|Amitied
171.75.8.161 4.68.59.109,134.08,18392129,GB &#8594; US,Apollo|AC-1|AC-2|GTT Atlantic|FA-1|EXA|TGN|Yellow|Amitied
87.245.232.236 4.79.109.90,80.05,1430525,GB &#8594; US,Apollo|AC-1|AC-2|GTT Atlantic|FA-1|EXA|TGN|Yellow|Amitied
171.75.8.1 4.7.18.145,167.37,28276393,GB &#8594; US,Apollo|AC-1|AC-2|GTT Atlantic|FA-1|EXA|TGN|Yellow|Amitied
171.75.9.61 4.15.38.133,132.79,22573969,GB &#8594; US,Apollo|AC-1|AC-2|GTT Atlantic|FA-1|EXA|TGN|Yellow|Amitied
171.75.8.27 4.7.18.9,159.94,10684222,GB &#8594; US,Apollo|AC-1|AC-2|GTT Atlantic|FA-1|EXA|TGN|Yellow|Amitied
63.223.18.58 64.62.134.178,133.03,39291726,GB &#8594; US,Apollo|AC-1|AC-2|GTT Atlantic|FA-1|EXA|TGN|Yellow|Amitied
171.75.9.191 184.105.222.6,73.35,23085655,GB &#8594; US,Apollo|AC-1|AC-2|GTT Atlantic|FA-1|EXA|TGN|Yellow|Amitied
80.231.130.25 66.198.70.38,95.03,22573969|10683824,GB &#8594; US,Apollo|AC-1|AC-2|GTT Atlantic|FA-1|EXA|TGN|Yellow|Amitied
195.66.224.21 184.104.195.177,45.01,29320762,GB &#8594; US,Apollo|AC-1|AC-2|GTT Atlantic|FA-1|EXA|TGN|Yellow|Amitied
62.40.98.238 154.54.24.146,45.32,21049931,GB &#8594; US,Apollo|AC-1|AC-2|GTT Atlantic|FA-1|EXA|TGN|Yellow|Amitied
62.40.98.24 154.24.94.170,52.48,21049931,GB &#8594; US,Apollo|AC-1|AC-2|GTT Atlantic|FA-1|EXA|TGN|Yellow|Amitied
171.75.8.87 4.34.79.45,98.42,23910662,GB &#8594; US,Apollo|AC-1|AC-2|GTT Atlantic|FA-1|EXA|TGN|Yellow|Amitied
87.245.234.98 4.30.181.50,74.43,48490606,GB &#8594; US,Apollo|AC-1|AC-2|GTT Atlantic|FA-1|EXA|TGN|Yellow|Amitied
171.75.8.243 4.15.122.45,159.70,35888205,GB &#8594; US,Apollo|AC-1|AC-2|GTT Atlantic|FA-1|EXA|TGN|Yellow|Amitied
212.74.67.72 206.223.117.67,151.03,21984074,GB &#8594; US,Apollo|AC-1|AC-2|GTT Atlantic|FA-1|EXA|TGN|Yellow|Amitied
171.75.8.197 4.68.68.125,87.47,1612282,GB &#8594; US,Apollo|AC-1|AC-2|GTT Atlantic|FA-1|EXA|TGN|Yellow|Amitied
212.74.67.72 208.115.137.35,101.05,21984074,GB &#8594; US,Apollo|AC-1|AC-2|GTT Atlantic|FA-1|EXA|TGN|Yellow|Amitied
171.75.9.141 4.1.106.125,103.14,23876803,GB &#8594; US,Apollo|AC-1|AC-2|GTT Atlantic|FA-1|EXA|TGN|Yellow|Amitied
195.219.213.129 129.250.2.59,91.46,52019652,GB &#8594; US,Apollo|AC-1|AC-2|GTT Atlantic|FA-1|EXA|TGN|Yellow|Amitied
171.75.9.233 192.205.37.42,176.94,57842790,GB &#8594; US,Apollo|AC-1|AC-2|GTT Atlantic|FA-1|EXA|TGN|Yellow|Amitied
171.75.9.128 173.208.122.4,217.96,66796961,GB &#8594; US,Apollo|AC-1|AC-2|GTT Atlantic|FA-1|EXA|TGN|Yellow|Amitied
171.75.9.128 4.68.38.221,102.42,64566767,GB &#8594; US,Apollo|AC-1|AC-2|GTT Atlantic|FA-1|EXA|TGN|Yellow|Amitied
171.75.8.167 4.16.33.149,104.62,23019035,GB &#8594; US,Apollo|AC-1|AC-2|GTT Atlantic|FA-1|EXA|TGN|Yellow|Amitied
171.75.9.205 64.154.27.21,102.54,24240667,GB &#8594; US,Apollo|AC-1|AC-2|GTT Atlantic|FA-1|EXA|TGN|Yellow|Amitied
171.75.8.214 4.68.75.93,249.68,24240667,GB &#8594; US,Apollo|AC-1|AC-2|GTT Atlantic|FA-1|EXA|TGN|Yellow|Amitied
62.149.55.69 217.10.140.65,70.57,5011,GB &#8594; US,Apollo|AC-1|AC-2|GTT Atlantic|FA-1|EXA|TGN|Yellow|Amitied
153.92.43.249 184.104.205.165,58.05,19954313,GB &#8594; US,Apollo|AC-1|AC-2|GTT Atlantic|FA-1|EXA|TGN|Yellow|Amitied
45.77.229.242 69.61.20.10,44.05,21994556,GB &#8594; US,Apollo|AC-1|AC-2|GTT Atlantic|FA-1|EXA|TGN|Yellow|Amitied
171.75.8.23 4.68.144.165,103.28,5005,GB &#8594; US,Apollo|AC-1|AC-2|GTT Atlantic|FA-1|EXA|TGN|Yellow|Amitied
171.75.9.233 4.68.111.101,172.76,31559965,GB &#8594; US,Apollo|AC-1|AC-2|GTT Atlantic|FA-1|EXA|TGN|Yellow|Amitied
195.66.225.153 200.16.69.73,285.71,10590226,GB &#8594; US,Apollo|AC-1|AC-2|GTT Atlantic|FA-1|EXA|TGN|Yellow|Amitied
171.75.9.205 63.220.195.117,103.31,24240667,GB &#8594; US,Apollo|AC-1|AC-2|GTT Atlantic|FA-1|EXA|TGN|Yellow|Amitied
171.75.9.11 4.68.38.217,87.72,52511294,GB &#8594; US,Apollo|AC-1|AC-2|GTT Atlantic|FA-1|EXA|TGN|Yellow|Amitied
171.75.9.215 4.68.73.13,63.95,5051,GB &#8594; US,Apollo|AC-1|AC-2|GTT Atlantic|FA-1|EXA|TGN|Yellow|Amitied
85.95.26.170 129.250.194.42,171.55,34468266,GB &#8594; US,Apollo|AC-1|AC-2|GTT Atlantic|FA-1|EXA|TGN|Yellow|Amitied
87.245.238.253 184.105.55.250,192.91,66425701,GB &#8594; US,Apollo|AC-1|AC-2|GTT Atlantic|FA-1|EXA|TGN|Yellow|Amitied
63.223.18.58 63.125.103.106,75.63,39294600,GB &#8594; US,Apollo|AC-1|AC-2|GTT Atlantic|FA-1|EXA|TGN|Yellow|Amitied
171.75.9.131 4.68.63.17,84.71,23196886|27818094,GB &#8594; US,Apollo|AC-1|AC-2|GTT Atlantic|FA-1|EXA|TGN|Yellow|Amitied
195.22.209.61 195.22.221.8,224.57,11583527,GB &#8594; US,Apollo|AC-1|AC-2|GTT Atlantic|FA-1|EXA|TGN|Yellow|Amitied
171.75.8.17 4.68.71.45,52.15,51155623,GB &#8594; US,Apollo|AC-1|AC-2|GTT Atlantic|FA-1|EXA|TGN|Yellow|Amitied
171.75.8.23 4.68.38.177,98.70,5005,GB &#8594; US,Apollo|AC-1|AC-2|GTT Atlantic|FA-1|EXA|TGN|Yellow|Amitied
171.75.9.233 4.68.62.225,118.31,57842790,GB &#8594; US,Apollo|AC-1|AC-2|GTT Atlantic|FA-1|EXA|TGN|Yellow|Amitied
171.75.9.210 4.16.38.117,97.38,20389581,GB &#8594; US,Apollo|AC-1|AC-2|GTT Atlantic|FA-1|EXA|TGN|Yellow|Amitied
171.75.9.210 4.68.63.17,103.34,23024622,GB &#8594; US,Apollo|AC-1|AC-2|GTT Atlantic|FA-1|EXA|TGN|Yellow|Amitied
171.75.8.167 4.4.201.61,87.16,23019035,GB &#8594; US,Apollo|AC-1|AC-2|GTT Atlantic|FA-1|EXA|TGN|Yellow|Amitied
171.75.9.11 4.68.74.209,146.87,52511294,GB &#8594; US,Apollo|AC-1|AC-2|GTT Atlantic|FA-1|EXA|TGN|Yellow|Amitied
171.75.9.210 4.68.62.181,134.37,70027038,GB &#8594; US,Apollo|AC-1|AC-2|GTT Atlantic|FA-1|EXA|TGN|Yellow|Amitied
63.223.14.70 4.53.236.82,44.86,39294600,GB &#8594; US,Apollo|AC-1|AC-2|GTT Atlantic|FA-1|EXA|TGN|Yellow|Amitied
171.75.8.25 66.109.6.52,126.04,5017,GB &#8594; US,Apollo|AC-1|AC-2|GTT Atlantic|FA-1|EXA|TGN|Yellow|Amitied
195.66.231.89 129.250.2.246,72.93,24868437,GB &#8594; US,Apollo|AC-1|AC-2|GTT Atlantic|FA-1|EXA|TGN|Yellow|Amitied
82.98.196.161 64.125.24.69,137.61,5027|63709184,GB &#8594; US,Apollo|AC-1|AC-2|GTT Atlantic|FA-1|EXA|TGN|Yellow|Amitied
195.22.209.198 195.22.206.154,142.96,5001,GB &#8594; US,Apollo|AC-1|AC-2|GTT Atlantic|FA-1|EXA|TGN|Yellow|Amitied
195.66.225.157 184.105.64.122,64.42,18812126,GB &#8594; US,Apollo|AC-1|AC-2|GTT Atlantic|FA-1|EXA|TGN|Yellow|Amitied
195.66.226.199 184.105.222.173,58.27,23196886,GB &#8594; US,Apollo|AC-1|AC-2|GTT Atlantic|FA-1|EXA|TGN|Yellow|Amitied
171.75.9.205 4.68.106.85,87.71,24240667,GB &#8594; US,Apollo|AC-1|AC-2|GTT Atlantic|FA-1|EXA|TGN|Yellow|Amitied
171.75.8.25 96.110.2.229,99.22,5019,GB &#8594; US,Apollo|AC-1|AC-2|GTT Atlantic|FA-1|EXA|TGN|Yellow|Amitied
171.75.9.134 4.68.127.133,120.89,67728269,GB &#8594; US,Apollo|AC-1|AC-2|GTT Atlantic|FA-1|EXA|TGN|Yellow|Amitied
171.75.8.25 96.110.42.41,98.77,5019,GB &#8594; US,Apollo|AC-1|AC-2|GTT Atlantic|FA-1|EXA|TGN|Yellow|Amitied
5.254.78.94 5.254.119.46,87.06,20354920,GB &#8594; US,Apollo|AC-1|AC-2|GTT Atlantic|FA-1|EXA|TGN|Yellow|Amitied
171.75.8.23 134.159.61.106,142.76,29135716,GB &#8594; US,Apollo|AC-1|AC-2|GTT Atlantic|FA-1|EXA|TGN|Yellow|Amitied
171.75.9.29 4.53.198.41,118.58,6935349,GB &#8594; US,Apollo|AC-1|AC-2|GTT Atlantic|FA-1|EXA|TGN|Yellow|Amitied
171.75.9.108 4.53.198.41,107.22,24484809,GB &#8594; US,Apollo|AC-1|AC-2|GTT Atlantic|FA-1|EXA|TGN|Yellow|Amitied
171.75.8.25 4.68.38.177,110.85,5017,GB &#8594; US,Apollo|AC-1|AC-2|GTT Atlantic|FA-1|EXA|TGN|Yellow|Amitied
195.66.226.62 184.104.188.167,109.57,11700664,GB &#8594; US,Apollo|AC-1|AC-2|GTT Atlantic|FA-1|EXA|TGN|Yellow|Amitied
171.75.9.131 4.1.106.125,100.15,23196886,GB &#8594; US,Apollo|AC-1|AC-2|GTT Atlantic|FA-1|EXA|TGN|Yellow|Amitied
171.75.9.210 4.1.106.125,111.32,48707924|23024622,GB &#8594; US,Apollo|AC-1|AC-2|GTT Atlantic|FA-1|EXA|TGN|Yellow|Amitied
195.219.213.137 206.51.7.60,119.72,24240667,GB &#8594; US,Apollo|AC-1|AC-2|GTT Atlantic|FA-1|EXA|TGN|Yellow|Amitied
171.75.9.205 134.159.61.106,139.07,24240667,GB &#8594; US,Apollo|AC-1|AC-2|GTT Atlantic|FA-1|EXA|TGN|Yellow|Amitied
171.75.9.123 4.68.59.109,131.47,22293360,GB &#8594; US,Apollo|AC-1|AC-2|GTT Atlantic|FA-1|EXA|TGN|Yellow|Amitied
171.75.8.23 4.59.184.53,95.22,29135716|41386077,GB &#8594; US,Apollo|AC-1|AC-2|GTT Atlantic|FA-1|EXA|TGN|Yellow|Amitied
87.245.234.34 4.30.181.50,81.99,27225561|27225891,GB &#8594; US,Apollo|AC-1|AC-2|GTT Atlantic|FA-1|EXA|TGN|Yellow|Amitied
85.95.26.13 72.52.72.118,236.06,34468266,GB &#8594; US,Apollo|AC-1|AC-2|GTT Atlantic|FA-1|EXA|TGN|Yellow|Amitied
195.66.224.16 63.222.114.242,145.39,64566767,GB &#8594; US,Apollo|AC-1|AC-2|GTT Atlantic|FA-1|EXA|TGN|Yellow|Amitied
171.75.8.167 4.14.111.245,154.52,23019035,GB &#8594; US,Apollo|AC-1|AC-2|GTT Atlantic|FA-1|EXA|TGN|Yellow|Amitied
171.75.8.13 4.15.38.133,108.29,16453121,GB &#8594; US,Apollo|AC-1|AC-2|GTT Atlantic|FA-1|EXA|TGN|Yellow|Amitied
171.75.9.123 4.15.38.133,111.30,22293360,GB &#8594; US,Apollo|AC-1|AC-2|GTT Atlantic|FA-1|EXA|TGN|Yellow|Amitied
193.114.180.17 198.32.161.10,84.61,23024622,GB &#8594; US,Apollo|AC-1|AC-2|GTT Atlantic|FA-1|EXA|TGN|Yellow|Amitied
85.95.25.145 206.82.105.56,182.11,34466561,GB &#8594; US,Apollo|AC-1|AC-2|GTT Atlantic|FA-1|EXA|TGN|Yellow|Amitied
171.75.9.233 4.68.75.77,107.80,31559012,GB &#8594; US,Apollo|AC-1|AC-2|GTT Atlantic|FA-1|EXA|TGN|Yellow|Amitied
171.75.9.108 134.159.61.106,159.91,24484809,GB &#8594; US,Apollo|AC-1|AC-2|GTT Atlantic|FA-1|EXA|TGN|Yellow|Amitied
171.75.9.205 4.68.111.73,132.93,24240667,GB &#8594; US,Apollo|AC-1|AC-2|GTT Atlantic|FA-1|EXA|TGN|Yellow|Amitied
63.223.18.58 4.68.110.222,84.36,39294599,GB &#8594; US,Apollo|AC-1|AC-2|GTT Atlantic|FA-1|EXA|TGN|Yellow|Amitied
171.75.8.23 4.68.63.113,166.87,29135716,GB &#8594; US,Apollo|AC-1|AC-2|GTT Atlantic|FA-1|EXA|TGN|Yellow|Amitied
87.245.234.67 198.32.160.182,83.85,79158832|51355289,GB &#8594; US,Apollo|AC-1|AC-2|GTT Atlantic|FA-1|EXA|TGN|Yellow|Amitied
171.75.8.23 4.68.75.77,86.92,29135716,GB &#8594; US,Apollo|AC-1|AC-2|GTT Atlantic|FA-1|EXA|TGN|Yellow|Amitied
171.75.9.11 4.68.37.213,81.95,52511294,GB &#8594; US,Apollo|AC-1|AC-2|GTT Atlantic|FA-1|EXA|TGN|Yellow|Amitied
171.75.9.43 4.68.37.213,116.05,49135780,GB &#8594; US,Apollo|AC-1|AC-2|GTT Atlantic|FA-1|EXA|TGN|Yellow|Amitied
85.95.25.158 129.250.194.42,144.26,34466561,GB &#8594; US,Apollo|AC-1|AC-2|GTT Atlantic|FA-1|EXA|TGN|Yellow|Amitied
171.75.8.23 4.68.39.45,89.89,29135716,GB &#8594; US,Apollo|AC-1|AC-2|GTT Atlantic|FA-1|EXA|TGN|Yellow|Amitied
171.75.9.41 4.68.39.45,85.99,1430674,GB &#8594; US,Apollo|AC-1|AC-2|GTT Atlantic|FA-1|EXA|TGN|Yellow|Amitied
213.242.83.218 4.69.141.158,108.71,29416578,GB &#8594; US,Apollo|AC-1|AC-2|GTT Atlantic|FA-1|EXA|TGN|Yellow|Amitied
171.75.8.23 129.250.2.109,104.45,29135716,GB &#8594; US,Apollo|AC-1|AC-2|GTT Atlantic|FA-1|EXA|TGN|Yellow|Amitied
171.75.9.83 4.7.88.9,195.56,28329026,GB &#8594; US,Apollo|AC-1|AC-2|GTT Atlantic|FA-1|EXA|TGN|Yellow|Amitied
195.16.163.102 4.69.210.213,77.44,19207975,GB &#8594; US,Apollo|AC-1|AC-2|GTT Atlantic|FA-1|EXA|TGN|Yellow|Amitied
171.75.9.108 4.16.79.13,99.56,24484809,GB &#8594; US,Apollo|AC-1|AC-2|GTT Atlantic|FA-1|EXA|TGN|Yellow|Amitied
171.75.9.225 4.16.79.13,89.35,22293360,GB &#8594; US,Apollo|AC-1|AC-2|GTT Atlantic|FA-1|EXA|TGN|Yellow|Amitied
171.75.8.25 4.28.0.45,86.57,5017,GB &#8594; US,Apollo|AC-1|AC-2|GTT Atlantic|FA-1|EXA|TGN|Yellow|Amitied
171.75.8.25 4.68.37.137,93.30,5017,GB &#8594; US,Apollo|AC-1|AC-2|GTT Atlantic|FA-1|EXA|TGN|Yellow|Amitied
171.75.8.105 4.68.75.93,181.29,63616119,GB &#8594; US,Apollo|AC-1|AC-2|GTT Atlantic|FA-1|EXA|TGN|Yellow|Amitied
171.75.8.167 4.68.127.141,89.84,23019035,GB &#8594; US,Apollo|AC-1|AC-2|GTT Atlantic|FA-1|EXA|TGN|Yellow|Amitied
171.75.8.25 4.35.245.193,154.06,5017,GB &#8594; US,Apollo|AC-1|AC-2|GTT Atlantic|FA-1|EXA|TGN|Yellow|Amitied
171.75.8.87 4.15.248.93,107.27,5051,GB &#8594; US,Apollo|AC-1|AC-2|GTT Atlantic|FA-1|EXA|TGN|Yellow|Amitied
171.75.8.13 4.16.45.169,133.71,16453121,GB &#8594; US,Apollo|AC-1|AC-2|GTT Atlantic|FA-1|EXA|TGN|Yellow|Amitied
212.74.86.208 206.126.238.64,91.81,53141124,GB &#8594; US,Apollo|AC-1|AC-2|GTT Atlantic|FA-1|EXA|TGN|Yellow|Amitied
171.75.8.23 4.68.38.153,152.24,5005,GB &#8594; US,Apollo|AC-1|AC-2|GTT Atlantic|FA-1|EXA|TGN|Yellow|Amitied
171.75.9.225 4.68.72.25,52.45,22293360,GB &#8594; US,Apollo|AC-1|AC-2|GTT Atlantic|FA-1|EXA|TGN|Yellow|Amitied
171.75.9.161 4.37.99.245,73.90,44380129,GB &#8594; US,Apollo|AC-1|AC-2|GTT Atlantic|FA-1|EXA|TGN|Yellow|Amitied
85.95.25.158 208.115.136.242,177.72,34466561,GB &#8594; US,Apollo|AC-1|AC-2|GTT Atlantic|FA-1|EXA|TGN|Yellow|Amitied
171.75.8.247 4.68.39.149,79.85,18958053,GB &#8594; US,Apollo|AC-1|AC-2|GTT Atlantic|FA-1|EXA|TGN|Yellow|Amitied
171.75.8.198 4.68.38.205,238.01,24484809,GB &#8594; US,Apollo|AC-1|AC-2|GTT Atlantic|FA-1|EXA|TGN|Yellow|Amitied
171.75.8.23 4.28.83.25,137.00,29135716,GB &#8594; US,Apollo|AC-1|AC-2|GTT Atlantic|FA-1|EXA|TGN|Yellow|Amitied
171.75.9.210 4.68.111.101,139.34,23501699,GB &#8594; US,Apollo|AC-1|AC-2|GTT Atlantic|FA-1|EXA|TGN|Yellow|Amitied
87.245.232.245 206.81.80.150,154.75,22541160,GB &#8594; US,Apollo|AC-1|AC-2|GTT Atlantic|FA-1|EXA|TGN|Yellow|Amitied
212.74.86.208 198.32.161.10,78.55,53141124,GB &#8594; US,Apollo|AC-1|AC-2|GTT Atlantic|FA-1|EXA|TGN|Yellow|Amitied
212.74.86.208 206.72.211.182,126.70,53141124,GB &#8594; US,Apollo|AC-1|AC-2|GTT Atlantic|FA-1|EXA|TGN|Yellow|Amitied
171.75.9.233 195.22.206.99,150.51,31559012,GB &#8594; US,Apollo|AC-1|AC-2|GTT Atlantic|FA-1|EXA|TGN|Yellow|Amitied
171.75.8.51 4.68.63.17,99.50,28275385|51349793,GB &#8594; US,Apollo|AC-1|AC-2|GTT Atlantic|FA-1|EXA|TGN|Yellow|Amitied
87.245.234.83 23.157.160.5,140.62,70496250,GB &#8594; US,Apollo|AC-1|AC-2|GTT Atlantic|FA-1|EXA|TGN|Yellow|Amitied
85.95.25.101 208.115.136.242,202.82,62542303,GB &#8594; US,Apollo|AC-1|AC-2|GTT Atlantic|FA-1|EXA|TGN|Yellow|Amitied
171.75.9.1 4.35.186.169,95.99,20355359,GB &#8594; US,Apollo|AC-1|AC-2|GTT Atlantic|FA-1|EXA|TGN|Yellow|Amitied
87.245.233.6 206.81.80.150,165.55,70469945,GB &#8594; US,Apollo|AC-1|AC-2|GTT Atlantic|FA-1|EXA|TGN|Yellow|Amitied
171.75.9.233 129.250.9.254,42.14,31559012,GB &#8594; US,Apollo|AC-1|AC-2|GTT Atlantic|FA-1|EXA|TGN|Yellow|Amitied
171.75.9.123 4.68.75.77,108.74,22293360,GB &#8594; US,Apollo|AC-1|AC-2|GTT Atlantic|FA-1|EXA|TGN|Yellow|Amitied
171.75.9.225 4.68.75.129,228.71,22293360,GB &#8594; US,Apollo|AC-1|AC-2|GTT Atlantic|FA-1|EXA|TGN|Yellow|Amitied
171.75.9.205 4.68.38.217,79.09,24240667,GB &#8594; US,Apollo|AC-1|AC-2|GTT Atlantic|FA-1|EXA|TGN|Yellow|Amitied
195.16.163.102 129.250.9.41,231.25,19207975,GB &#8594; US,Apollo|AC-1|AC-2|GTT Atlantic|FA-1|EXA|TGN|Yellow|Amitied
62.40.98.96 4.68.73.46,123.94,15757860,GB &#8594; US,Apollo|AC-1|AC-2|GTT Atlantic|FA-1|EXA|TGN|Yellow|Amitied
217.163.129.170 66.109.6.72,80.41,69725519,GB &#8594; US,Apollo|AC-1|AC-2|GTT Atlantic|FA-1|EXA|TGN|Yellow|Amitied
149.14.80.26 154.54.80.201,106.59,45764189,GB &#8594; US,Apollo|AC-1|AC-2|GTT Atlantic|FA-1|EXA|TGN|Yellow|Amitied
87.245.232.113 198.32.160.182,223.60,70496250|57617887|31336218,GB &#8594; US,Apollo|AC-1|AC-2|GTT Atlantic|FA-1|EXA|TGN|Yellow|Amitied
85.95.25.158 206.126.236.141,179.96,34466561,GB &#8594; US,Apollo|AC-1|AC-2|GTT Atlantic|FA-1|EXA|TGN|Yellow|Amitied
212.74.71.111 206.126.238.64,84.63,53141124,GB &#8594; US,Apollo|AC-1|AC-2|GTT Atlantic|FA-1|EXA|TGN|Yellow|Amitied
80.231.130.130 72.14.218.220,116.97,41342964,GB &#8594; US,Apollo|AC-1|AC-2|GTT Atlantic|FA-1|EXA|TGN|Yellow|Amitied
85.95.25.101 206.126.236.141,184.04,34466561,GB &#8594; US,Apollo|AC-1|AC-2|GTT Atlantic|FA-1|EXA|TGN|Yellow|Amitied
195.66.224.21 173.219.232.187,59.05,23019035,GB &#8594; US,Apollo|AC-1|AC-2|GTT Atlantic|FA-1|EXA|TGN|Yellow|Amitied
149.14.80.26 154.54.57.162,103.40,45764189,GB &#8594; US,Apollo|AC-1|AC-2|GTT Atlantic|FA-1|EXA|TGN|Yellow|Amitied
171.75.8.87 4.16.249.177,92.36,63616119,GB &#8594; US,Apollo|AC-1|AC-2|GTT Atlantic|FA-1|EXA|TGN|Yellow|Amitied
171.75.9.225 4.14.14.157,106.01,22293360,GB &#8594; US,Apollo|AC-1|AC-2|GTT Atlantic|FA-1|EXA|TGN|Yellow|Amitied
171.75.8.243 4.68.37.137,102.03,78985591|9181894,GB &#8594; US,Apollo|AC-1|AC-2|GTT Atlantic|FA-1|EXA|TGN|Yellow|Amitied
193.114.180.17 206.72.211.182,145.82,20355359|23024622|23653771,GB &#8594; US,Apollo|AC-1|AC-2|GTT Atlantic|FA-1|EXA|TGN|Yellow|Amitied
195.50.123.34 171.75.10.21,83.36,45764189,GB &#8594; US,Apollo|AC-1|AC-2|GTT Atlantic|FA-1|EXA|TGN|Yellow|Amitied
171.75.8.243 4.68.39.165,88.24,23765876,GB &#8594; US,Apollo|AC-1|AC-2|GTT Atlantic|FA-1|EXA|TGN|Yellow|Amitied
195.66.224.21 184.104.199.222,90.41,18958053,GB &#8594; US,Apollo|AC-1|AC-2|GTT Atlantic|FA-1|EXA|TGN|Yellow|Amitied
171.75.9.83 4.68.39.81,106.10,28329026,GB &#8594; US,Apollo|AC-1|AC-2|GTT Atlantic|FA-1|EXA|TGN|Yellow|Amitied
213.19.197.50 129.250.3.22,70.86,17800702,GB &#8594; US,Apollo|AC-1|AC-2|GTT Atlantic|FA-1|EXA|TGN|Yellow|Amitied
171.75.9.108 4.68.63.113,161.31,24484809,GB &#8594; US,Apollo|AC-1|AC-2|GTT Atlantic|FA-1|EXA|TGN|Yellow|Amitied
171.75.8.17 4.68.68.125,168.38,43909730,GB &#8594; US,Apollo|AC-1|AC-2|GTT Atlantic|FA-1|EXA|TGN|Yellow|Amitied
171.75.8.1 130.117.50.82,211.67,29416578,GB &#8594; US,Apollo|AC-1|AC-2|GTT Atlantic|FA-1|EXA|TGN|Yellow|Amitied
171.75.9.210 64.154.27.21,111.80,20389581,GB &#8594; US,Apollo|AC-1|AC-2|GTT Atlantic|FA-1|EXA|TGN|Yellow|Amitied
195.66.224.73 129.250.5.9,91.61,23169382,GB &#8594; US,Apollo|AC-1|AC-2|GTT Atlantic|FA-1|EXA|TGN|Yellow|Amitied
171.75.8.1 4.68.37.137,97.79,22506352,GB &#8594; US,Apollo|AC-1|AC-2|GTT Atlantic|FA-1|EXA|TGN|Yellow|Amitied
195.66.231.40 150.99.193.237,75.25,69725519,GB &#8594; US,Apollo|AC-1|AC-2|GTT Atlantic|FA-1|EXA|TGN|Yellow|Amitied
171.75.9.43 130.117.0.94,44.98,51148044,GB &#8594; US,Apollo|AC-1|AC-2|GTT Atlantic|FA-1|EXA|TGN|Yellow|Amitied
171.75.8.161 4.1.106.125,117.02,25641875,GB &#8594; US,Apollo|AC-1|AC-2|GTT Atlantic|FA-1|EXA|TGN|Yellow|Amitied
171.75.9.205 4.1.106.125,103.30,53141124|20937757|24240667,GB &#8594; US,Apollo|AC-1|AC-2|GTT Atlantic|FA-1|EXA|TGN|Yellow|Amitied
171.75.9.71 4.1.106.125,124.93,68135481,GB &#8594; US,Apollo|AC-1|AC-2|GTT Atlantic|FA-1|EXA|TGN|Yellow|Amitied
171.75.9.43 4.14.240.209,159.44,49130787|27216722,GB &#8594; US,Apollo|AC-1|AC-2|GTT Atlantic|FA-1|EXA|TGN|Yellow|Amitied
171.75.9.233 4.79.46.173,171.60,31559012,GB &#8594; US,Apollo|AC-1|AC-2|GTT Atlantic|FA-1|EXA|TGN|Yellow|Amitied
171.75.8.17 4.68.75.217,120.00,72110546,GB &#8594; US,Apollo|AC-1|AC-2|GTT Atlantic|FA-1|EXA|TGN|Yellow|Amitied
171.75.8.161 173.205.57.38,80.88,25641875,GB &#8594; US,Apollo|AC-1|AC-2|GTT Atlantic|FA-1|EXA|TGN|Yellow|Amitied
171.75.8.17 173.205.57.38,99.84,51148044,GB &#8594; US,Apollo|AC-1|AC-2|GTT Atlantic|FA-1|EXA|TGN|Yellow|Amitied
213.19.197.50 200.16.69.82,140.07,17800702,GB &#8594; US,Apollo|AC-1|AC-2|GTT Atlantic|FA-1|EXA|TGN|Yellow|Amitied
171.75.8.17 4.26.34.41,99.94,41864708,GB &#8594; US,Apollo|AC-1|AC-2|GTT Atlantic|FA-1|EXA|TGN|Yellow|Amitied
87.245.234.98 184.104.194.198,55.03,50965387,GB &#8594; US,Apollo|AC-1|AC-2|GTT Atlantic|FA-1|EXA|TGN|Yellow|Amitied
171.75.9.128 4.68.37.185,74.74,64566767,GB &#8594; US,Apollo|AC-1|AC-2|GTT Atlantic|FA-1|EXA|TGN|Yellow|Amitied
171.75.9.210 4.68.127.189,78.55,70021357,GB &#8594; US,Apollo|AC-1|AC-2|GTT Atlantic|FA-1|EXA|TGN|Yellow|Amitied
171.75.8.243 4.68.39.45,98.08,4468791,GB &#8594; US,Apollo|AC-1|AC-2|GTT Atlantic|FA-1|EXA|TGN|Yellow|Amitied
171.75.8.51 4.68.68.125,146.38,51349793,GB &#8594; US,Apollo|AC-1|AC-2|GTT Atlantic|FA-1|EXA|TGN|Yellow|Amitied
171.75.8.23 4.68.68.125,138.43,41386077,GB &#8594; US,Apollo|AC-1|AC-2|GTT Atlantic|FA-1|EXA|TGN|Yellow|Amitied
213.19.197.50 154.54.44.166,210.89,17800702,GB &#8594; US,Apollo|AC-1|AC-2|GTT Atlantic|FA-1|EXA|TGN|Yellow|Amitied
153.92.43.245 154.54.7.129,126.70,19986066,GB &#8594; US,Apollo|AC-1|AC-2|GTT Atlantic|FA-1|EXA|TGN|Yellow|Amitied
153.92.43.250 154.54.45.166,92.92,19986066,GB &#8594; US,Apollo|AC-1|AC-2|GTT Atlantic|FA-1|EXA|TGN|Yellow|Amitied
87.245.238.229 154.54.30.42,47.83,63598160,GB &#8594; US,Apollo|AC-1|AC-2|GTT Atlantic|FA-1|EXA|TGN|Yellow|Amitied
171.75.9.75 4.68.62.57,91.42,26444780,GB &#8594; US,Apollo|AC-1|AC-2|GTT Atlantic|FA-1|EXA|TGN|Yellow|Amitied
171.75.9.213 4.15.38.133,101.84,29187857,GB &#8594; US,Apollo|AC-1|AC-2|GTT Atlantic|FA-1|EXA|TGN|Yellow|Amitied
87.245.238.229 154.54.24.222,147.20,63598160,GB &#8594; US,Apollo|AC-1|AC-2|GTT Atlantic|FA-1|EXA|TGN|Yellow|Amitied
87.245.238.229 154.54.47.141,127.29,63598160,GB &#8594; US,Apollo|AC-1|AC-2|GTT Atlantic|FA-1|EXA|TGN|Yellow|Amitied
171.75.9.75 4.28.31.145,85.11,22006326,GB &#8594; US,Apollo|AC-1|AC-2|GTT Atlantic|FA-1|EXA|TGN|Yellow|Amitied
171.75.8.23 129.250.8.230,95.43,41386077,GB &#8594; US,Apollo|AC-1|AC-2|GTT Atlantic|FA-1|EXA|TGN|Yellow|Amitied
171.75.9.43 129.250.9.181,170.85,7969759,GB &#8594; US,Apollo|AC-1|AC-2|GTT Atlantic|FA-1|EXA|TGN|Yellow|Amitied
171.75.8.17 4.26.1.221,189.06,72110546,GB &#8594; US,Apollo|AC-1|AC-2|GTT Atlantic|FA-1|EXA|TGN|Yellow|Amitied
212.74.73.137 208.115.137.35,111.20,40076466,GB &#8594; US,Apollo|AC-1|AC-2|GTT Atlantic|FA-1|EXA|TGN|Yellow|Amitied
171.75.9.210 4.68.37.137,96.13,57708474,GB &#8594; US,Apollo|AC-1|AC-2|GTT Atlantic|FA-1|EXA|TGN|Yellow|Amitied
171.75.9.233 4.68.38.205,263.75,31559012,GB &#8594; US,Apollo|AC-1|AC-2|GTT Atlantic|FA-1|EXA|TGN|Yellow|Amitied
212.187.165.78 4.69.219.45,42.36,19583925,GB &#8594; US,Apollo|AC-1|AC-2|GTT Atlantic|FA-1|EXA|TGN|Yellow|Amitied
171.75.9.71 4.53.96.37,115.69,68135481,GB &#8594; US,Apollo|AC-1|AC-2|GTT Atlantic|FA-1|EXA|TGN|Yellow|Amitied
213.19.197.50 154.54.75.86,79.01,17800702,GB &#8594; US,Apollo|AC-1|AC-2|GTT Atlantic|FA-1|EXA|TGN|Yellow|Amitied
171.75.8.55 4.68.39.33,40.47,41864708,GB &#8594; US,Apollo|AC-1|AC-2|GTT Atlantic|FA-1|EXA|TGN|Yellow|Amitied
80.231.130.26 154.54.59.86,205.40,20369124,GB &#8594; US,Apollo|AC-1|AC-2|GTT Atlantic|FA-1|EXA|TGN|Yellow|Amitied
80.231.130.26 154.54.41.205,98.22,29650316,GB &#8594; US,Apollo|AC-1|AC-2|GTT Atlantic|FA-1|EXA|TGN|Yellow|Amitied
171.75.8.161 4.68.38.205,263.53,25641875,GB &#8594; US,Apollo|AC-1|AC-2|GTT Atlantic|FA-1|EXA|TGN|Yellow|Amitied
195.66.225.26 4.7.16.193,209.91,23964623,GB &#8594; US,Apollo|AC-1|AC-2|GTT Atlantic|FA-1|EXA|TGN|Yellow|Amitied
171.75.9.71 4.68.38.49,44.29,68135481,GB &#8594; US,Apollo|AC-1|AC-2|GTT Atlantic|FA-1|EXA|TGN|Yellow|Amitied
87.245.238.229 37.10.126.72,120.19,63598160,GB &#8594; US,Apollo|AC-1|AC-2|GTT Atlantic|FA-1|EXA|TGN|Yellow|Amitied
212.162.30.219 23.209.165.112,80.56,23083007,GB &#8594; US,Apollo|AC-1|AC-2|GTT Atlantic|FA-1|EXA|TGN|Yellow|Amitied
171.75.9.43 4.53.198.41,114.44,7969759,GB &#8594; US,Apollo|AC-1|AC-2|GTT Atlantic|FA-1|EXA|TGN|Yellow|Amitied
171.75.9.210 4.71.117.217,142.35,70021357,GB &#8594; US,Apollo|AC-1|AC-2|GTT Atlantic|FA-1|EXA|TGN|Yellow|Amitied
171.75.9.123 4.30.244.105,78.59,22293360,GB &#8594; US,Apollo|AC-1|AC-2|GTT Atlantic|FA-1|EXA|TGN|Yellow|Amitied
171.75.8.87 4.30.244.101,96.62,63616119,GB &#8594; US,Apollo|AC-1|AC-2|GTT Atlantic|FA-1|EXA|TGN|Yellow|Amitied
171.75.9.128 198.182.167.1,192.12,66191044,GB &#8594; US,Apollo|AC-1|AC-2|GTT Atlantic|FA-1|EXA|TGN|Yellow|Amitied
171.75.8.17 129.250.6.147,133.25,41864708,GB &#8594; US,Apollo|AC-1|AC-2|GTT Atlantic|FA-1|EXA|TGN|Yellow|Amitied
87.245.238.229 65.51.3.116,92.69,63598160,GB &#8594; US,Apollo|AC-1|AC-2|GTT Atlantic|FA-1|EXA|TGN|Yellow|Amitied
171.75.8.25 4.68.63.233,109.51,5017,GB &#8594; US,Apollo|AC-1|AC-2|GTT Atlantic|FA-1|EXA|TGN|Yellow|Amitied
212.187.165.78 184.104.189.139,45.33,19583925,GB &#8594; US,Apollo|AC-1|AC-2|GTT Atlantic|FA-1|EXA|TGN|Yellow|Amitied
195.66.224.46 154.54.165.133,67.38,55630480,GB &#8594; US,Apollo|AC-1|AC-2|GTT Atlantic|FA-1|EXA|TGN|Yellow|Amitied
171.75.8.243 154.54.28.49,99.34,23765876,GB &#8594; US,Apollo|AC-1|AC-2|GTT Atlantic|FA-1|EXA|TGN|Yellow|Amitied
195.22.209.198 89.221.41.42,98.64,7969395,GB &#8594; US,Apollo|AC-1|AC-2|GTT Atlantic|FA-1|EXA|TGN|Yellow|Amitied
171.75.9.210 4.2.138.137,147.24,53170005,GB &#8594; US,Apollo|AC-1|AC-2|GTT Atlantic|FA-1|EXA|TGN|Yellow|Amitied
171.75.9.233 4.68.37.137,116.78,57842790,GB &#8594; US,Apollo|AC-1|AC-2|GTT Atlantic|FA-1|EXA|TGN|Yellow|Amitied
195.66.226.199 154.54.43.9,124.19,23196886,GB &#8594; US,Apollo|AC-1|AC-2|GTT Atlantic|FA-1|EXA|TGN|Yellow|Amitied
5.254.78.94 5.254.81.58,71.04,70223851|20354920,GB &#8594; US,Apollo|AC-1|AC-2|GTT Atlantic|FA-1|EXA|TGN|Yellow|Amitied
63.223.14.66 63.218.43.17,231.21,39294600,GB &#8594; US,Apollo|AC-1|AC-2|GTT Atlantic|FA-1|EXA|TGN|Yellow|Amitied
171.75.8.251 4.68.37.129,145.62,17800898,GB &#8594; US,Apollo|AC-1|AC-2|GTT Atlantic|FA-1|EXA|TGN|Yellow|Amitied
107.162.220.5 4.79.42.38,55.24,18394608,GB &#8594; US,Apollo|AC-1|AC-2|GTT Atlantic|FA-1|EXA|TGN|Yellow|Amitied
171.75.9.131 4.68.39.37,63.22,23196886,GB &#8594; US,Apollo|AC-1|AC-2|GTT Atlantic|FA-1|EXA|TGN|Yellow|Amitied
171.75.9.205 4.34.73.93,82.09,24240667,GB &#8594; US,Apollo|AC-1|AC-2|GTT Atlantic|FA-1|EXA|TGN|Yellow|Amitied
171.75.8.25 4.68.38.153,155.04,39977610|39977268,GB &#8594; US,Apollo|AC-1|AC-2|GTT Atlantic|FA-1|EXA|TGN|Yellow|Amitied
217.161.68.33 216.66.80.125,59.12,24240667,GB &#8594; US,Apollo|AC-1|AC-2|GTT Atlantic|FA-1|EXA|TGN|Yellow|Amitied
193.114.180.17 206.223.117.67,150.97,20937757|20355359,GB &#8594; US,Apollo|AC-1|AC-2|GTT Atlantic|FA-1|EXA|TGN|Yellow|Amitied
195.22.209.220 89.221.41.42,103.14,11156557,GB &#8594; US,Apollo|AC-1|AC-2|GTT Atlantic|FA-1|EXA|TGN|Yellow|Amitied
63.218.242.41 63.220.192.225,163.06,2365735,GB &#8594; US,Apollo|AC-1|AC-2|GTT Atlantic|FA-1|EXA|TGN|Yellow|Amitied
171.75.9.205 154.54.57.157,82.87,24240667,GB &#8594; US,Apollo|AC-1|AC-2|GTT Atlantic|FA-1|EXA|TGN|Yellow|Amitied
171.75.8.167 4.34.73.93,91.20,23019035,GB &#8594; US,Apollo|AC-1|AC-2|GTT Atlantic|FA-1|EXA|TGN|Yellow|Amitied
171.75.8.23 45.52.201.139,134.80,5005,GB &#8594; US,Apollo|AC-1|AC-2|GTT Atlantic|FA-1|EXA|TGN|Yellow|Amitied
171.75.8.165 96.108.49.93,128.27,50728408,GB &#8594; US,Apollo|AC-1|AC-2|GTT Atlantic|FA-1|EXA|TGN|Yellow|Amitied
171.75.9.233 66.109.5.139,102.76,31559965,GB &#8594; US,Apollo|AC-1|AC-2|GTT Atlantic|FA-1|EXA|TGN|Yellow|Amitied
217.161.68.33 130.117.50.201,60.43,24240667,GB &#8594; US,Apollo|AC-1|AC-2|GTT Atlantic|FA-1|EXA|TGN|Yellow|Amitied
171.75.8.167 4.15.212.245,92.48,23019035,GB &#8594; US,Apollo|AC-1|AC-2|GTT Atlantic|FA-1|EXA|TGN|Yellow|Amitied
171.75.9.205 4.68.111.101,141.97,24240667,GB &#8594; US,Apollo|AC-1|AC-2|GTT Atlantic|FA-1|EXA|TGN|Yellow|Amitied
171.75.9.233 134.159.61.106,166.49,57842790,GB &#8594; US,Apollo|AC-1|AC-2|GTT Atlantic|FA-1|EXA|TGN|Yellow|Amitied
171.75.9.131 4.68.70.253,123.21,23196886,GB &#8594; US,Apollo|AC-1|AC-2|GTT Atlantic|FA-1|EXA|TGN|Yellow|Amitied
171.75.8.25 4.68.72.157,136.83,5017,GB &#8594; US,Apollo|AC-1|AC-2|GTT Atlantic|FA-1|EXA|TGN|Yellow|Amitied
171.75.9.125 4.68.75.93,199.83,23196886,GB &#8594; US,Apollo|AC-1|AC-2|GTT Atlantic|FA-1|EXA|TGN|Yellow|Amitied
171.75.9.205 64.71.184.45,93.06,24240667,GB &#8594; US,Apollo|AC-1|AC-2|GTT Atlantic|FA-1|EXA|TGN|Yellow|Amitied
171.75.9.205 4.68.68.153,145.20,24240667,GB &#8594; US,Apollo|AC-1|AC-2|GTT Atlantic|FA-1|EXA|TGN|Yellow|Amitied
171.75.8.167 4.53.198.41,95.80,23019035,GB &#8594; US,Apollo|AC-1|AC-2|GTT Atlantic|FA-1|EXA|TGN|Yellow|Amitied
171.75.9.61 4.15.122.45,167.18,50856476|26933016,GB &#8594; US,Apollo|AC-1|AC-2|GTT Atlantic|FA-1|EXA|TGN|Yellow|Amitied
171.75.9.213 4.15.122.45,137.31,11445025,GB &#8594; US,Apollo|AC-1|AC-2|GTT Atlantic|FA-1|EXA|TGN|Yellow|Amitied
171.75.8.247 4.15.104.5,90.54,18958053,GB &#8594; US,Apollo|AC-1|AC-2|GTT Atlantic|FA-1|EXA|TGN|Yellow|Amitied
185.84.16.42 129.250.7.107,94.25,1962547,GB &#8594; US,Apollo|AC-1|AC-2|GTT Atlantic|FA-1|EXA|TGN|Yellow|Amitied
212.113.14.250 154.54.31.233,79.19,5151,GB &#8594; US,Apollo|AC-1|AC-2|GTT Atlantic|FA-1|EXA|TGN|Yellow|Amitied
80.231.130.4 154.54.59.154,99.35,5029,GB &#8594; US,Apollo|AC-1|AC-2|GTT Atlantic|FA-1|EXA|TGN|Yellow|Amitied
171.75.9.205 4.15.8.249,131.62,24240667,GB &#8594; US,Apollo|AC-1|AC-2|GTT Atlantic|FA-1|EXA|TGN|Yellow|Amitied
171.75.9.131 4.35.186.169,85.83,23196886,GB &#8594; US,Apollo|AC-1|AC-2|GTT Atlantic|FA-1|EXA|TGN|Yellow|Amitied
171.75.8.117 4.68.75.129,254.45,5151,GB &#8594; US,Apollo|AC-1|AC-2|GTT Atlantic|FA-1|EXA|TGN|Yellow|Amitied
171.75.9.11 4.14.218.85,90.97,52511294,GB &#8594; US,Apollo|AC-1|AC-2|GTT Atlantic|FA-1|EXA|TGN|Yellow|Amitied
171.75.9.205 4.14.218.85,82.15,24240667,GB &#8594; US,Apollo|AC-1|AC-2|GTT Atlantic|FA-1|EXA|TGN|Yellow|Amitied
87.245.232.113 66.109.6.5,285.25,66425701,GB &#8594; US,Apollo|AC-1|AC-2|GTT Atlantic|FA-1|EXA|TGN|Yellow|Amitied
87.245.238.253 4.14.240.210,223.27,66425701,GB &#8594; US,Apollo|AC-1|AC-2|GTT Atlantic|FA-1|EXA|TGN|Yellow|Amitied
171.75.9.205 4.68.37.17,84.41,24240667,GB &#8594; US,Apollo|AC-1|AC-2|GTT Atlantic|FA-1|EXA|TGN|Yellow|Amitied
171.75.8.243 72.14.202.232,97.36,66419737,GB &#8594; US,Apollo|AC-1|AC-2|GTT Atlantic|FA-1|EXA|TGN|Yellow|Amitied
171.75.8.85 4.59.232.137,151.42,32379630,GB &#8594; US,Apollo|AC-1|AC-2|GTT Atlantic|FA-1|EXA|TGN|Yellow|Amitied
193.114.180.17 206.126.238.64,86.03,45276550|20355359|23024622,GB &#8594; US,Apollo|AC-1|AC-2|GTT Atlantic|FA-1|EXA|TGN|Yellow|Amitied
171.75.8.17 4.7.40.241,140.72,51155623,GB &#8594; US,Apollo|AC-1|AC-2|GTT Atlantic|FA-1|EXA|TGN|Yellow|Amitied
171.75.9.210 209.0.200.169,95.01,70027038,GB &#8594; US,Apollo|AC-1|AC-2|GTT Atlantic|FA-1|EXA|TGN|Yellow|Amitied
195.66.227.9 154.54.62.122,80.18,19954313,GB &#8594; US,Apollo|AC-1|AC-2|GTT Atlantic|FA-1|EXA|TGN|Yellow|Amitied
171.75.9.210 192.205.37.46,107.02,5051,GB &#8594; US,Apollo|AC-1|AC-2|GTT Atlantic|FA-1|EXA|TGN|Yellow|Amitied
171.75.9.210 154.54.60.13,86.14,70027038,GB &#8594; US,Apollo|AC-1|AC-2|GTT Atlantic|FA-1|EXA|TGN|Yellow|Amitied
87.245.234.98 198.32.160.182,69.83,48490606,GB &#8594; US,Apollo|AC-1|AC-2|GTT Atlantic|FA-1|EXA|TGN|Yellow|Amitied
171.75.8.13 4.1.106.125,111.59,16453121,GB &#8594; US,Apollo|AC-1|AC-2|GTT Atlantic|FA-1|EXA|TGN|Yellow|Amitied
171.75.9.71 142.250.168.174,157.48,19850039,GB &#8594; US,Apollo|AC-1|AC-2|GTT Atlantic|FA-1|EXA|TGN|Yellow|Amitied
171.75.8.17 4.68.37.137,126.82,5151,GB &#8594; US,Apollo|AC-1|AC-2|GTT Atlantic|FA-1|EXA|TGN|Yellow|Amitied
171.75.9.134 4.68.37.137,108.81,67728269,GB &#8594; US,Apollo|AC-1|AC-2|GTT Atlantic|FA-1|EXA|TGN|Yellow|Amitied
171.75.8.25 107.14.19.24,89.52,5019,GB &#8594; US,Apollo|AC-1|AC-2|GTT Atlantic|FA-1|EXA|TGN|Yellow|Amitied
171.75.9.91 154.54.10.18,108.78,26811087,GB &#8594; US,Apollo|AC-1|AC-2|GTT Atlantic|FA-1|EXA|TGN|Yellow|Amitied
171.75.9.210 4.53.56.5,80.54,70496250,GB &#8594; US,Apollo|AC-1|AC-2|GTT Atlantic|FA-1|EXA|TGN|Yellow|Amitied
195.66.225.24 63.223.34.146,278.91,3100545,GB &#8594; US,Apollo|AC-1|AC-2|GTT Atlantic|FA-1|EXA|TGN|Yellow|Amitied
171.75.9.210 63.220.195.117,61.84,38989550,GB &#8594; US,Apollo|AC-1|AC-2|GTT Atlantic|FA-1|EXA|TGN|Yellow|Amitied
87.245.234.98 216.6.90.57,73.89,48490585,GB &#8594; US,Apollo|AC-1|AC-2|GTT Atlantic|FA-1|EXA|TGN|Yellow|Amitied
195.66.224.87 69.79.102.47,56.12,26933016,GB &#8594; US,Apollo|AC-1|AC-2|GTT Atlantic|FA-1|EXA|TGN|Yellow|Amitied
195.66.225.104 24.72.202.174,107.40,19207649,GB &#8594; US,Apollo|AC-1|AC-2|GTT Atlantic|FA-1|EXA|TGN|Yellow|Amitied
195.66.227.128 184.104.199.222,78.89,24472330,GB &#8594; US,Apollo|AC-1|AC-2|GTT Atlantic|FA-1|EXA|TGN|Yellow|Amitied
171.75.8.161 4.68.38.177,116.51,25639801,GB &#8594; US,Apollo|AC-1|AC-2|GTT Atlantic|FA-1|EXA|TGN|Yellow|Amitied
171.75.9.67 4.68.62.181,122.49,68277953,GB &#8594; US,Apollo|AC-1|AC-2|GTT Atlantic|FA-1|EXA|TGN|Yellow|Amitied
171.75.9.189 4.68.62.181,125.81,69727137,GB &#8594; US,Apollo|AC-1|AC-2|GTT Atlantic|FA-1|EXA|TGN|Yellow|Amitied
171.75.8.87 4.68.62.129,152.07,11863560,GB &#8594; US,Apollo|AC-1|AC-2|GTT Atlantic|FA-1|EXA|TGN|Yellow|Amitied
87.245.232.245 129.250.6.176,85.57,26060874,GB &#8594; US,Apollo|AC-1|AC-2|GTT Atlantic|FA-1|EXA|TGN|Yellow|Amitied
87.245.234.52 129.250.2.218,217.71,64812596,GB &#8594; US,Apollo|AC-1|AC-2|GTT Atlantic|FA-1|EXA|TGN|Yellow|Amitied
87.245.234.67 154.54.167.141,128.12,51355289,GB &#8594; US,Apollo|AC-1|AC-2|GTT Atlantic|FA-1|EXA|TGN|Yellow|Amitied
193.114.179.103 206.72.211.182,149.02,38998047,GB &#8594; US,Apollo|AC-1|AC-2|GTT Atlantic|FA-1|EXA|TGN|Yellow|Amitied
171.75.8.113 206.72.211.182,128.62,23528499,GB &#8594; US,Apollo|AC-1|AC-2|GTT Atlantic|FA-1|EXA|TGN|Yellow|Amitied
193.114.170.207 206.72.211.182,141.11,27708730,GB &#8594; US,Apollo|AC-1|AC-2|GTT Atlantic|FA-1|EXA|TGN|Yellow|Amitied
63.218.242.129 63.217.21.137,142.02,11863560,GB &#8594; US,Apollo|AC-1|AC-2|GTT Atlantic|FA-1|EXA|TGN|Yellow|Amitied
212.74.65.35 206.223.117.67,153.25,21984074,GB &#8594; US,Apollo|AC-1|AC-2|GTT Atlantic|FA-1|EXA|TGN|Yellow|Amitied
149.11.22.186 154.54.58.186,40.87,17575881,GB &#8594; US,Apollo|AC-1|AC-2|GTT Atlantic|FA-1|EXA|TGN|Yellow|Amitied
195.66.226.6 184.104.199.41,62.83,64802516,GB &#8594; US,Apollo|AC-1|AC-2|GTT Atlantic|FA-1|EXA|TGN|Yellow|Amitied
195.66.227.187 63.130.172.29,156.05,34761880,GB &#8594; US,Apollo|AC-1|AC-2|GTT Atlantic|FA-1|EXA|TGN|Yellow|Amitied
62.40.98.72 154.54.166.58,44.56,27173388,GB &#8594; US,Apollo|AC-1|AC-2|GTT Atlantic|FA-1|EXA|TGN|Yellow|Amitied
109.122.253.1 216.37.47.154,188.16,5151,GB &#8594; US,Apollo|AC-1|AC-2|GTT Atlantic|FA-1|EXA|TGN|Yellow|Amitied
62.40.98.33 129.250.8.117,128.05,26292296,GB &#8594; US,Apollo|AC-1|AC-2|GTT Atlantic|FA-1|EXA|TGN|Yellow|Amitied
213.19.197.34 4.68.63.109,138.83,29117516,GB &#8594; US,Apollo|AC-1|AC-2|GTT Atlantic|FA-1|EXA|TGN|Yellow|Amitied
62.40.98.60 154.54.57.77,63.65,11863560,GB &#8594; US,Apollo|AC-1|AC-2|GTT Atlantic|FA-1|EXA|TGN|Yellow|Amitied
195.22.209.220 89.221.35.202,67.41,40758938,GB &#8594; US,Apollo|AC-1|AC-2|GTT Atlantic|FA-1|EXA|TGN|Yellow|Amitied
171.75.8.55 4.68.62.129,185.82,43905554,GB &#8594; US,Apollo|AC-1|AC-2|GTT Atlantic|FA-1|EXA|TGN|Yellow|Amitied
87.245.232.126 198.32.160.182,98.49,28142311,GB &#8594; US,Apollo|AC-1|AC-2|GTT Atlantic|FA-1|EXA|TGN|Yellow|Amitied
195.66.226.233 154.24.35.214,100.17,23788670,GB &#8594; US,Apollo|AC-1|AC-2|GTT Atlantic|FA-1|EXA|TGN|Yellow|Amitied
80.231.131.72 154.54.167.138,74.06,63486736,GB &#8594; US,Apollo|AC-1|AC-2|GTT Atlantic|FA-1|EXA|TGN|Yellow|Amitied
195.66.226.250 184.105.64.101,157.96,29934522,GB &#8594; US,Apollo|AC-1|AC-2|GTT Atlantic|FA-1|EXA|TGN|Yellow|Amitied
195.66.226.161 184.105.64.122,128.90,27425039,GB &#8594; US,Apollo|AC-1|AC-2|GTT Atlantic|FA-1|EXA|TGN|Yellow|Amitied
195.66.225.141 66.28.4.198,79.83,28194977,GB &#8594; US,Apollo|AC-1|AC-2|GTT Atlantic|FA-1|EXA|TGN|Yellow|Amitied
195.66.225.24 205.201.63.65,179.53,1430339,GB &#8594; US,Apollo|AC-1|AC-2|GTT Atlantic|FA-1|EXA|TGN|Yellow|Amitied
87.245.234.178 198.32.160.182,124.35,19231580,GB &#8594; US,Apollo|AC-1|AC-2|GTT Atlantic|FA-1|EXA|TGN|Yellow|Amitied
63.218.206.37 63.222.114.169,184.85,21673098,GB &#8594; US,Apollo|AC-1|AC-2|GTT Atlantic|FA-1|EXA|TGN|Yellow|Amitied
87.245.232.245 154.54.24.222,75.58,26060874,GB &#8594; US,Apollo|AC-1|AC-2|GTT Atlantic|FA-1|EXA|TGN|Yellow|Amitied
195.22.209.220 195.22.199.32,100.82,40758938,GB &#8594; US,Apollo|AC-1|AC-2|GTT Atlantic|FA-1|EXA|TGN|Yellow|Amitied
171.75.8.161 4.14.135.89,83.70,25639373,GB &#8594; US,Apollo|AC-1|AC-2|GTT Atlantic|FA-1|EXA|TGN|Yellow|Amitied
171.75.9.210 4.14.135.89,111.48,43169709,GB &#8594; US,Apollo|AC-1|AC-2|GTT Atlantic|FA-1|EXA|TGN|Yellow|Amitied
195.219.213.129 154.54.62.173,46.27,14429296,GB &#8594; US,Apollo|AC-1|AC-2|GTT Atlantic|FA-1|EXA|TGN|Yellow|Amitied
171.75.9.43 4.14.135.89,132.10,49130787,GB &#8594; US,Apollo|AC-1|AC-2|GTT Atlantic|FA-1|EXA|TGN|Yellow|Amitied
212.187.216.238 4.69.209.114,94.96,23720870,GB &#8594; US,Apollo|AC-1|AC-2|GTT Atlantic|FA-1|EXA|TGN|Yellow|Amitied
171.75.9.108 4.14.135.89,130.78,17605578,GB &#8594; US,Apollo|AC-1|AC-2|GTT Atlantic|FA-1|EXA|TGN|Yellow|Amitied
62.40.98.75 4.30.105.237,171.88,22919930,GB &#8594; US,Apollo|AC-1|AC-2|GTT Atlantic|FA-1|EXA|TGN|Yellow|Amitied
171.75.8.161 4.16.249.177,91.17,25639373,GB &#8594; US,Apollo|AC-1|AC-2|GTT Atlantic|FA-1|EXA|TGN|Yellow|Amitied
171.75.8.243 4.16.249.177,88.09,35361302,GB &#8594; US,Apollo|AC-1|AC-2|GTT Atlantic|FA-1|EXA|TGN|Yellow|Amitied
171.75.9.111 4.7.18.145,166.75,26933016,GB &#8594; US,Apollo|AC-1|AC-2|GTT Atlantic|FA-1|EXA|TGN|Yellow|Amitied
213.19.197.34 171.75.10.37,40.69,34716602|24256195|47796441,GB &#8594; US,Apollo|AC-1|AC-2|GTT Atlantic|FA-1|EXA|TGN|Yellow|Amitied
171.75.9.189 4.68.38.217,69.63,69727137,GB &#8594; US,Apollo|AC-1|AC-2|GTT Atlantic|FA-1|EXA|TGN|Yellow|Amitied
171.75.8.87 4.68.127.201,97.36,29011753,GB &#8594; US,Apollo|AC-1|AC-2|GTT Atlantic|FA-1|EXA|TGN|Yellow|Amitied
171.75.9.210 4.59.184.53,97.86,63444054,GB &#8594; US,Apollo|AC-1|AC-2|GTT Atlantic|FA-1|EXA|TGN|Yellow|Amitied
171.75.8.25 4.59.184.53,99.66,11710715,GB &#8594; US,Apollo|AC-1|AC-2|GTT Atlantic|FA-1|EXA|TGN|Yellow|Amitied
171.75.9.71 4.14.14.97,119.06,24472920,GB &#8594; US,Apollo|AC-1|AC-2|GTT Atlantic|FA-1|EXA|TGN|Yellow|Amitied
87.245.232.171 173.219.237.186,55.52,5004,GB &#8594; US,Apollo|AC-1|AC-2|GTT Atlantic|FA-1|EXA|TGN|Yellow|Amitied
80.231.20.16 129.250.5.212,135.91,69494506,GB &#8594; US,Apollo|AC-1|AC-2|GTT Atlantic|FA-1|EXA|TGN|Yellow|Amitied
171.75.9.193 129.250.5.211,135.98,52636920,GB &#8594; US,Apollo|AC-1|AC-2|GTT Atlantic|FA-1|EXA|TGN|Yellow|Amitied
80.231.130.26 104.44.19.118,71.77,29555954,GB &#8594; US,Apollo|AC-1|AC-2|GTT Atlantic|FA-1|EXA|TGN|Yellow|Amitied
171.75.9.210 134.159.61.106,152.88,48825717|64596287|24186697|26976419,GB &#8594; US,Apollo|AC-1|AC-2|GTT Atlantic|FA-1|EXA|TGN|Yellow|Amitied
62.40.98.33 154.54.165.25,236.58,26292296,GB &#8594; US,Apollo|AC-1|AC-2|GTT Atlantic|FA-1|EXA|TGN|Yellow|Amitied
171.75.9.229 134.159.61.106,138.90,26443813,GB &#8594; US,Apollo|AC-1|AC-2|GTT Atlantic|FA-1|EXA|TGN|Yellow|Amitied
171.75.8.165 134.159.61.106,156.18,54407553,GB &#8594; US,Apollo|AC-1|AC-2|GTT Atlantic|FA-1|EXA|TGN|Yellow|Amitied
171.75.9.27 134.159.61.106,171.50,29089930,GB &#8594; US,Apollo|AC-1|AC-2|GTT Atlantic|FA-1|EXA|TGN|Yellow|Amitied
213.161.72.106 64.125.27.241,278.12,5151,GB &#8594; US,Apollo|AC-1|AC-2|GTT Atlantic|FA-1|EXA|TGN|Yellow|Amitied
171.75.8.25 4.68.37.213,91.05,5019,GB &#8594; US,Apollo|AC-1|AC-2|GTT Atlantic|FA-1|EXA|TGN|Yellow|Amitied
171.75.9.210 4.59.162.73,90.94,43169709,GB &#8594; US,Apollo|AC-1|AC-2|GTT Atlantic|FA-1|EXA|TGN|Yellow|Amitied
171.75.8.243 4.15.154.165,111.12,35888205,GB &#8594; US,Apollo|AC-1|AC-2|GTT Atlantic|FA-1|EXA|TGN|Yellow|Amitied
171.75.8.25 208.116.130.202,135.03,5019,GB &#8594; US,Apollo|AC-1|AC-2|GTT Atlantic|FA-1|EXA|TGN|Yellow|Amitied
62.13.128.1 162.158.140.121,131.93,5151,GB &#8594; US,Apollo|AC-1|AC-2|GTT Atlantic|FA-1|EXA|TGN|Yellow|Amitied
171.75.9.250 4.16.33.149,117.50,22540989,GB &#8594; US,Apollo|AC-1|AC-2|GTT Atlantic|FA-1|EXA|TGN|Yellow|Amitied
171.75.9.108 4.68.38.230,293.08,17605578,GB &#8594; US,Apollo|AC-1|AC-2|GTT Atlantic|FA-1|EXA|TGN|Yellow|Amitied
193.114.179.103 206.223.117.67,154.97,38998047,GB &#8594; US,Apollo|AC-1|AC-2|GTT Atlantic|FA-1|EXA|TGN|Yellow|Amitied
171.75.9.213 4.79.46.173,138.50,27849461,GB &#8594; US,Apollo|AC-1|AC-2|GTT Atlantic|FA-1|EXA|TGN|Yellow|Amitied
213.19.197.34 154.54.43.149,177.09,26625481,GB &#8594; US,Apollo|AC-1|AC-2|GTT Atlantic|FA-1|EXA|TGN|Yellow|Amitied
171.75.9.41 173.205.57.38,134.09,1430674,GB &#8594; US,Apollo|AC-1|AC-2|GTT Atlantic|FA-1|EXA|TGN|Yellow|Amitied
171.75.8.10 129.250.8.91,159.92,21049931,GB &#8594; US,Apollo|AC-1|AC-2|GTT Atlantic|FA-1|EXA|TGN|Yellow|Amitied
195.22.209.61 154.54.11.14,134.40,27311938,GB &#8594; US,Apollo|AC-1|AC-2|GTT Atlantic|FA-1|EXA|TGN|Yellow|Amitied
171.75.8.23 154.54.28.141,141.23,27708730,GB &#8594; US,Apollo|AC-1|AC-2|GTT Atlantic|FA-1|EXA|TGN|Yellow|Amitied
171.75.9.205 154.54.28.141,128.66,51819645,GB &#8594; US,Apollo|AC-1|AC-2|GTT Atlantic|FA-1|EXA|TGN|Yellow|Amitied
171.75.9.108 4.28.31.145,107.91,24650569,GB &#8594; US,Apollo|AC-1|AC-2|GTT Atlantic|FA-1|EXA|TGN|Yellow|Amitied
195.16.163.238 4.68.62.205,72.15,19207649,GB &#8594; US,Apollo|AC-1|AC-2|GTT Atlantic|FA-1|EXA|TGN|Yellow|Amitied
171.75.8.10 4.68.70.253,161.67,28236162,GB &#8594; US,Apollo|AC-1|AC-2|GTT Atlantic|FA-1|EXA|TGN|Yellow|Amitied
171.75.9.210 104.251.123.43,68.18,25697524,GB &#8594; US,Apollo|AC-1|AC-2|GTT Atlantic|FA-1|EXA|TGN|Yellow|Amitied
171.75.8.165 4.68.72.33,123.39,50724746,GB &#8594; US,Apollo|AC-1|AC-2|GTT Atlantic|FA-1|EXA|TGN|Yellow|Amitied
195.2.25.246 154.54.11.38,86.58,23607781,GB &#8594; US,Apollo|AC-1|AC-2|GTT Atlantic|FA-1|EXA|TGN|Yellow|Amitied
171.75.9.205 4.68.72.33,108.01,51819645,GB &#8594; US,Apollo|AC-1|AC-2|GTT Atlantic|FA-1|EXA|TGN|Yellow|Amitied
195.50.91.2 184.105.64.170,45.20,44337945,GB &#8594; US,Apollo|AC-1|AC-2|GTT Atlantic|FA-1|EXA|TGN|Yellow|Amitied
171.75.9.67 4.68.68.125,140.20,68275866,GB &#8594; US,Apollo|AC-1|AC-2|GTT Atlantic|FA-1|EXA|TGN|Yellow|Amitied
213.19.197.34 130.117.2.62,267.82,24256195,GB &#8594; US,Apollo|AC-1|AC-2|GTT Atlantic|FA-1|EXA|TGN|Yellow|Amitied
171.75.8.101 4.68.68.125,137.46,28329450,GB &#8594; US,Apollo|AC-1|AC-2|GTT Atlantic|FA-1|EXA|TGN|Yellow|Amitied
171.75.8.81 4.68.68.125,137.50,23498760,GB &#8594; US,Apollo|AC-1|AC-2|GTT Atlantic|FA-1|EXA|TGN|Yellow|Amitied
212.187.166.62 163.253.2.38,117.02,63028204,GB &#8594; US,Apollo|AC-1|AC-2|GTT Atlantic|FA-1|EXA|TGN|Yellow|Amitied
171.75.9.27 4.68.68.125,164.18,29089930,GB &#8594; US,Apollo|AC-1|AC-2|GTT Atlantic|FA-1|EXA|TGN|Yellow|Amitied
195.22.209.61 195.22.199.32,102.58,27311938,GB &#8594; US,Apollo|AC-1|AC-2|GTT Atlantic|FA-1|EXA|TGN|Yellow|Amitied
171.75.8.125 4.68.68.125,136.97,12427661,GB &#8594; US,Apollo|AC-1|AC-2|GTT Atlantic|FA-1|EXA|TGN|Yellow|Amitied
171.75.9.43 4.68.68.125,161.96,49130787,GB &#8594; US,Apollo|AC-1|AC-2|GTT Atlantic|FA-1|EXA|TGN|Yellow|Amitied
171.75.8.87 4.68.68.125,146.32,11863560,GB &#8594; US,Apollo|AC-1|AC-2|GTT Atlantic|FA-1|EXA|TGN|Yellow|Amitied
87.245.232.253 198.32.160.182,84.71,28420275,GB &#8594; US,Apollo|AC-1|AC-2|GTT Atlantic|FA-1|EXA|TGN|Yellow|Amitied
87.245.233.46 198.32.160.182,96.60,57847140,GB &#8594; US,Apollo|AC-1|AC-2|GTT Atlantic|FA-1|EXA|TGN|Yellow|Amitied
171.75.8.239 4.28.0.45,91.32,19215550,GB &#8594; US,Apollo|AC-1|AC-2|GTT Atlantic|FA-1|EXA|TGN|Yellow|Amitied
87.245.232.138 198.32.160.182,94.30,25697524,GB &#8594; US,Apollo|AC-1|AC-2|GTT Atlantic|FA-1|EXA|TGN|Yellow|Amitied
87.245.232.68 198.32.160.182,103.72,41617216,GB &#8594; US,Apollo|AC-1|AC-2|GTT Atlantic|FA-1|EXA|TGN|Yellow|Amitied
63.223.18.58 66.109.0.108,88.89,39291726,GB &#8594; US,Apollo|AC-1|AC-2|GTT Atlantic|FA-1|EXA|TGN|Yellow|Amitied
171.75.9.253 184.105.36.158,90.58,51819645,GB &#8594; US,Apollo|AC-1|AC-2|GTT Atlantic|FA-1|EXA|TGN|Yellow|Amitied
171.75.8.165 4.30.180.57,101.56,9260172,GB &#8594; US,Apollo|AC-1|AC-2|GTT Atlantic|FA-1|EXA|TGN|Yellow|Amitied
171.75.9.123 173.205.57.38,78.82,30504548,GB &#8594; US,Apollo|AC-1|AC-2|GTT Atlantic|FA-1|EXA|TGN|Yellow|Amitied
171.75.9.213 4.68.63.233,99.74,26074784,GB &#8594; US,Apollo|AC-1|AC-2|GTT Atlantic|FA-1|EXA|TGN|Yellow|Amitied
195.50.124.218 171.75.10.21,59.33,29934522,GB &#8594; US,Apollo|AC-1|AC-2|GTT Atlantic|FA-1|EXA|TGN|Yellow|Amitied
78.141.246.167 64.125.26.55,71.51,23498760,GB &#8594; US,Apollo|AC-1|AC-2|GTT Atlantic|FA-1|EXA|TGN|Yellow|Amitied
195.66.226.171 137.164.11.83,191.21,23439120,GB &#8594; US,Apollo|AC-1|AC-2|GTT Atlantic|FA-1|EXA|TGN|Yellow|Amitied
185.249.134.2 132.239.254.61,191.57,23439120,GB &#8594; US,Apollo|AC-1|AC-2|GTT Atlantic|FA-1|EXA|TGN|Yellow|Amitied
171.75.8.101 4.68.110.89,82.31,28329450,GB &#8594; US,Apollo|AC-1|AC-2|GTT Atlantic|FA-1|EXA|TGN|Yellow|Amitied
63.223.18.58 63.220.192.206,280.67,39291726,GB &#8594; US,Apollo|AC-1|AC-2|GTT Atlantic|FA-1|EXA|TGN|Yellow|Amitied
171.75.9.205 4.79.136.33,139.14,51819645,GB &#8594; US,Apollo|AC-1|AC-2|GTT Atlantic|FA-1|EXA|TGN|Yellow|Amitied
171.75.8.29 4.68.63.165,143.00,51313690,GB &#8594; US,Apollo|AC-1|AC-2|GTT Atlantic|FA-1|EXA|TGN|Yellow|Amitied
171.75.8.204 4.68.72.33,123.92,57847140,GB &#8594; US,Apollo|AC-1|AC-2|GTT Atlantic|FA-1|EXA|TGN|Yellow|Amitied
171.75.9.210 4.7.247.181,134.88,50185998,GB &#8594; US,Apollo|AC-1|AC-2|GTT Atlantic|FA-1|EXA|TGN|Yellow|Amitied
171.75.9.250 4.14.14.157,117.64,63868161,GB &#8594; US,Apollo|AC-1|AC-2|GTT Atlantic|FA-1|EXA|TGN|Yellow|Amitied
195.66.224.73 184.104.199.222,66.00,23168776,GB &#8594; US,Apollo|AC-1|AC-2|GTT Atlantic|FA-1|EXA|TGN|Yellow|Amitied
195.66.224.46 206.223.118.40,84.94,18397006,GB &#8594; US,Apollo|AC-1|AC-2|GTT Atlantic|FA-1|EXA|TGN|Yellow|Amitied
195.66.225.26 206.223.118.40,87.51,23964312,GB &#8594; US,Apollo|AC-1|AC-2|GTT Atlantic|FA-1|EXA|TGN|Yellow|Amitied
171.75.9.43 4.68.38.73,42.18,49130787,GB &#8594; US,Apollo|AC-1|AC-2|GTT Atlantic|FA-1|EXA|TGN|Yellow|Amitied
171.75.9.213 4.68.63.177,103.31,46083006,GB &#8594; US,Apollo|AC-1|AC-2|GTT Atlantic|FA-1|EXA|TGN|Yellow|Amitied
171.75.8.165 4.68.38.245,101.18,50724746,GB &#8594; US,Apollo|AC-1|AC-2|GTT Atlantic|FA-1|EXA|TGN|Yellow|Amitied
212.187.216.238 4.69.141.50,87.19,1430674,GB &#8594; US,Apollo|AC-1|AC-2|GTT Atlantic|FA-1|EXA|TGN|Yellow|Amitied
171.75.8.204 63.218.210.90,336.69,57847140,GB &#8594; US,Apollo|AC-1|AC-2|GTT Atlantic|FA-1|EXA|TGN|Yellow|Amitied
171.75.9.108 63.218.233.6,155.06,45764219,GB &#8594; US,Apollo|AC-1|AC-2|GTT Atlantic|FA-1|EXA|TGN|Yellow|Amitied
171.75.8.23 4.68.10.29,87.12,41388584,GB &#8594; US,Apollo|AC-1|AC-2|GTT Atlantic|FA-1|EXA|TGN|Yellow|Amitied
213.19.197.34 154.54.74.118,171.51,46652366,GB &#8594; US,Apollo|AC-1|AC-2|GTT Atlantic|FA-1|EXA|TGN|Yellow|Amitied
171.75.8.23 4.68.38.253,118.02,41388584,GB &#8594; US,Apollo|AC-1|AC-2|GTT Atlantic|FA-1|EXA|TGN|Yellow|Amitied
171.75.8.101 4.68.75.93,192.78,28329447,GB &#8594; US,Apollo|AC-1|AC-2|GTT Atlantic|FA-1|EXA|TGN|Yellow|Amitied
87.245.232.245 4.30.181.50,95.62,26060874,GB &#8594; US,Apollo|AC-1|AC-2|GTT Atlantic|FA-1|EXA|TGN|Yellow|Amitied
171.75.8.51 4.14.111.245,164.12,29988329,GB &#8594; US,Apollo|AC-1|AC-2|GTT Atlantic|FA-1|EXA|TGN|Yellow|Amitied
195.66.224.68 130.117.51.61,143.54,27849461,GB &#8594; US,Apollo|AC-1|AC-2|GTT Atlantic|FA-1|EXA|TGN|Yellow|Amitied
171.75.8.51 154.54.10.198,152.73,29988329,GB &#8594; US,Apollo|AC-1|AC-2|GTT Atlantic|FA-1|EXA|TGN|Yellow|Amitied
171.75.8.25 4.36.239.173,112.50,26977868,GB &#8594; US,Apollo|AC-1|AC-2|GTT Atlantic|FA-1|EXA|TGN|Yellow|Amitied
83.231.235.170 129.250.5.57,41.74,58401246,GB &#8594; US,Apollo|AC-1|AC-2|GTT Atlantic|FA-1|EXA|TGN|Yellow|Amitied
171.75.8.1 134.159.61.106,160.27,21147980,GB &#8594; US,Apollo|AC-1|AC-2|GTT Atlantic|FA-1|EXA|TGN|Yellow|Amitied
195.22.209.51 89.221.35.202,150.97,27311938,GB &#8594; US,Apollo|AC-1|AC-2|GTT Atlantic|FA-1|EXA|TGN|Yellow|Amitied
195.22.209.51 195.22.199.32,111.98,27311938,GB &#8594; US,Apollo|AC-1|AC-2|GTT Atlantic|FA-1|EXA|TGN|Yellow|Amitied
171.75.8.187 4.68.75.129,238.60,21317876,GB &#8594; US,Apollo|AC-1|AC-2|GTT Atlantic|FA-1|EXA|TGN|Yellow|Amitied
87.245.234.163 4.68.68.126,52.93,27206562,GB &#8594; US,Apollo|AC-1|AC-2|GTT Atlantic|FA-1|EXA|TGN|Yellow|Amitied
171.75.8.25 4.68.127.189,85.65,75451215,GB &#8594; US,Apollo|AC-1|AC-2|GTT Atlantic|FA-1|EXA|TGN|Yellow|Amitied
87.245.232.44 4.30.181.50,77.33,66443321,GB &#8594; US,Apollo|AC-1|AC-2|GTT Atlantic|FA-1|EXA|TGN|Yellow|Amitied
171.75.8.243 4.16.33.149,104.36,22128030,GB &#8594; US,Apollo|AC-1|AC-2|GTT Atlantic|FA-1|EXA|TGN|Yellow|Amitied
171.75.9.43 64.159.129.153,106.26,27216503|49130787,GB &#8594; US,Apollo|AC-1|AC-2|GTT Atlantic|FA-1|EXA|TGN|Yellow|Amitied
171.75.9.27 64.159.129.153,109.14,29089930,GB &#8594; US,Apollo|AC-1|AC-2|GTT Atlantic|FA-1|EXA|TGN|Yellow|Amitied
171.75.9.11 64.159.129.153,85.84,52509023,GB &#8594; US,Apollo|AC-1|AC-2|GTT Atlantic|FA-1|EXA|TGN|Yellow|Amitied
171.75.9.27 154.54.61.182,92.33,27717242,GB &#8594; US,Apollo|AC-1|AC-2|GTT Atlantic|FA-1|EXA|TGN|Yellow|Amitied
87.245.233.57 198.32.160.182,106.53,57847140,GB &#8594; US,Apollo|AC-1|AC-2|GTT Atlantic|FA-1|EXA|TGN|Yellow|Amitied
195.66.231.93 200.16.69.73,80.86,47069003,GB &#8594; US,Apollo|AC-1|AC-2|GTT Atlantic|FA-1|EXA|TGN|Yellow|Amitied
87.245.234.34 198.32.160.182,80.12,27225561,GB &#8594; US,Apollo|AC-1|AC-2|GTT Atlantic|FA-1|EXA|TGN|Yellow|Amitied
171.75.9.253 4.68.62.73,90.37,51819645,GB &#8594; US,Apollo|AC-1|AC-2|GTT Atlantic|FA-1|EXA|TGN|Yellow|Amitied
195.50.124.218 154.54.61.229,195.24,29934522,GB &#8594; US,Apollo|AC-1|AC-2|GTT Atlantic|FA-1|EXA|TGN|Yellow|Amitied
171.75.9.124 4.15.122.45,137.03,2072905,GB &#8594; US,Apollo|AC-1|AC-2|GTT Atlantic|FA-1|EXA|TGN|Yellow|Amitied
171.75.9.75 4.15.122.45,147.60,22004802,GB &#8594; US,Apollo|AC-1|AC-2|GTT Atlantic|FA-1|EXA|TGN|Yellow|Amitied
171.75.8.10 4.15.122.45,169.52,28194977,GB &#8594; US,Apollo|AC-1|AC-2|GTT Atlantic|FA-1|EXA|TGN|Yellow|Amitied
193.114.180.17 206.223.118.241,96.91,20937757,GB &#8594; US,Apollo|AC-1|AC-2|GTT Atlantic|FA-1|EXA|TGN|Yellow|Amitied
171.75.9.43 4.15.122.45,163.61,49130787,GB &#8594; US,Apollo|AC-1|AC-2|GTT Atlantic|FA-1|EXA|TGN|Yellow|Amitied
87.245.234.163 216.6.90.57,85.95,27206562,GB &#8594; US,Apollo|AC-1|AC-2|GTT Atlantic|FA-1|EXA|TGN|Yellow|Amitied
171.75.8.87 4.53.96.37,90.38,11863560,GB &#8594; US,Apollo|AC-1|AC-2|GTT Atlantic|FA-1|EXA|TGN|Yellow|Amitied
87.245.233.49 154.54.88.225,129.89,42048255,GB &#8594; US,Apollo|AC-1|AC-2|GTT Atlantic|FA-1|EXA|TGN|Yellow|Amitied
62.40.125.17 163.253.1.117,55.25,27425039,GB &#8594; US,Apollo|AC-1|AC-2|GTT Atlantic|FA-1|EXA|TGN|Yellow|Amitied
171.75.9.61 4.59.162.73,183.10,26933016,GB &#8594; US,Apollo|AC-1|AC-2|GTT Atlantic|FA-1|EXA|TGN|Yellow|Amitied
195.66.224.169 23.142.248.1,83.42,59626351,GB &#8594; US,Apollo|AC-1|AC-2|GTT Atlantic|FA-1|EXA|TGN|Yellow|Amitied
195.66.226.233 154.54.6.169,126.20,23788670,GB &#8594; US,Apollo|AC-1|AC-2|GTT Atlantic|FA-1|EXA|TGN|Yellow|Amitied
171.75.8.10 63.218.50.97,163.28,28236162,GB &#8594; US,Apollo|AC-1|AC-2|GTT Atlantic|FA-1|EXA|TGN|Yellow|Amitied
171.75.9.27 4.37.37.165,131.80,61171903,GB &#8594; US,Apollo|AC-1|AC-2|GTT Atlantic|FA-1|EXA|TGN|Yellow|Amitied
171.75.9.71 208.222.12.202,125.17,38998047,GB &#8594; US,Apollo|AC-1|AC-2|GTT Atlantic|FA-1|EXA|TGN|Yellow|Amitied
171.75.8.204 154.54.10.198,153.30,57847140,GB &#8594; US,Apollo|AC-1|AC-2|GTT Atlantic|FA-1|EXA|TGN|Yellow|Amitied
171.75.8.87 184.104.198.25,112.72,11863560,GB &#8594; US,Apollo|AC-1|AC-2|GTT Atlantic|FA-1|EXA|TGN|Yellow|Amitied
171.75.9.43 4.68.72.25,51.28,49130787,GB &#8594; US,Apollo|AC-1|AC-2|GTT Atlantic|FA-1|EXA|TGN|Yellow|Amitied
171.75.8.55 4.68.72.25,47.88,43905554,GB &#8594; US,Apollo|AC-1|AC-2|GTT Atlantic|FA-1|EXA|TGN|Yellow|Amitied
171.75.8.23 4.68.37.137,93.59,41388584,GB &#8594; US,Apollo|AC-1|AC-2|GTT Atlantic|FA-1|EXA|TGN|Yellow|Amitied
78.141.246.167 130.59.36.97,170.65,23498760,GB &#8594; US,Apollo|AC-1|AC-2|GTT Atlantic|FA-1|EXA|TGN|Yellow|Amitied
171.75.9.43 4.35.186.169,111.53,27216503,GB &#8594; US,Apollo|AC-1|AC-2|GTT Atlantic|FA-1|EXA|TGN|Yellow|Amitied
171.75.9.141 4.35.186.169,96.14,23928697,GB &#8594; US,Apollo|AC-1|AC-2|GTT Atlantic|FA-1|EXA|TGN|Yellow|Amitied
193.114.170.207 208.115.137.35,91.32,27708730,GB &#8594; US,Apollo|AC-1|AC-2|GTT Atlantic|FA-1|EXA|TGN|Yellow|Amitied
171.75.9.61 4.16.180.189,133.05,26933016,GB &#8594; US,Apollo|AC-1|AC-2|GTT Atlantic|FA-1|EXA|TGN|Yellow|Amitied
213.19.197.34 184.105.65.223,215.73,24258684,GB &#8594; US,Apollo|AC-1|AC-2|GTT Atlantic|FA-1|EXA|TGN|Yellow|Amitied
171.75.9.134 4.68.39.1,118.16,24225725,GB &#8594; US,Apollo|AC-1|AC-2|GTT Atlantic|FA-1|EXA|TGN|Yellow|Amitied
171.75.8.1 4.68.63.17,94.38,77760859,GB &#8594; US,Apollo|AC-1|AC-2|GTT Atlantic|FA-1|EXA|TGN|Yellow|Amitied
171.75.9.27 4.68.63.17,115.04,27717242,GB &#8594; US,Apollo|AC-1|AC-2|GTT Atlantic|FA-1|EXA|TGN|Yellow|Amitied
171.75.9.213 154.54.166.69,104.79,27849461,GB &#8594; US,Apollo|AC-1|AC-2|GTT Atlantic|FA-1|EXA|TGN|Yellow|Amitied
171.75.9.223 4.28.83.25,132.12,31579851,GB &#8594; US,Apollo|AC-1|AC-2|GTT Atlantic|FA-1|EXA|TGN|Yellow|Amitied
171.75.9.213 4.28.83.25,121.32,27849461,GB &#8594; US,Apollo|AC-1|AC-2|GTT Atlantic|FA-1|EXA|TGN|Yellow|Amitied
167.98.32.216 38.104.73.238,69.77,31569155,GB &#8594; US,Apollo|AC-1|AC-2|GTT Atlantic|FA-1|EXA|TGN|Yellow|Amitied
171.75.9.213 4.16.249.177,75.54,27849461,GB &#8594; US,Apollo|AC-1|AC-2|GTT Atlantic|FA-1|EXA|TGN|Yellow|Amitied
212.74.86.97 206.223.118.241,120.79,62913860,GB &#8594; US,Apollo|AC-1|AC-2|GTT Atlantic|FA-1|EXA|TGN|Yellow|Amitied
171.75.9.67 4.31.51.61,141.16,43482560,GB &#8594; US,Apollo|AC-1|AC-2|GTT Atlantic|FA-1|EXA|TGN|Yellow|Amitied
87.245.238.253 72.52.92.70,233.06,66423679,GB &#8594; US,Apollo|AC-1|AC-2|GTT Atlantic|FA-1|EXA|TGN|Yellow|Amitied
171.75.9.161 192.34.100.73,101.22,44337945,GB &#8594; US,Apollo|AC-1|AC-2|GTT Atlantic|FA-1|EXA|TGN|Yellow|Amitied
171.75.8.161 192.34.100.65,213.45,19652967,GB &#8594; US,Apollo|AC-1|AC-2|GTT Atlantic|FA-1|EXA|TGN|Yellow|Amitied
171.75.9.213 192.34.100.73,198.81,27849461,GB &#8594; US,Apollo|AC-1|AC-2|GTT Atlantic|FA-1|EXA|TGN|Yellow|Amitied
171.75.9.97 4.68.73.37,44.88,5051,GB &#8594; US,Apollo|AC-1|AC-2|GTT Atlantic|FA-1|EXA|TGN|Yellow|Amitied
212.74.86.101 206.223.118.241,110.88,62913860,GB &#8594; US,Apollo|AC-1|AC-2|GTT Atlantic|FA-1|EXA|TGN|Yellow|Amitied
212.113.14.250 129.250.4.239,71.29,50062157,GB &#8594; US,Apollo|AC-1|AC-2|GTT Atlantic|FA-1|EXA|TGN|Yellow|Amitied
217.161.68.33 129.250.3.73,79.62,38218894,GB &#8594; US,Apollo|AC-1|AC-2|GTT Atlantic|FA-1|EXA|TGN|Yellow|Amitied
195.66.225.141 72.52.92.113,107.46,18085285,GB &#8594; US,Apollo|AC-1|AC-2|GTT Atlantic|FA-1|EXA|TGN|Yellow|Amitied
171.75.8.197 4.37.37.165,45.49,50062157,GB &#8594; US,Apollo|AC-1|AC-2|GTT Atlantic|FA-1|EXA|TGN|Yellow|Amitied
80.231.131.1 154.54.72.109,128.20,66439931,GB &#8594; US,Apollo|AC-1|AC-2|GTT Atlantic|FA-1|EXA|TGN|Yellow|Amitied
62.40.98.33 204.8.154.49,82.44,26720984,GB &#8594; US,Apollo|AC-1|AC-2|GTT Atlantic|FA-1|EXA|TGN|Yellow|Amitied
171.75.9.27 4.68.111.185,130.64,29090321,GB &#8594; US,Apollo|AC-1|AC-2|GTT Atlantic|FA-1|EXA|TGN|Yellow|Amitied
171.75.9.67 4.68.63.5,105.43,68275866|43482560,GB &#8594; US,Apollo|AC-1|AC-2|GTT Atlantic|FA-1|EXA|TGN|Yellow|Amitied
171.75.9.134 4.68.68.125,80.73,24224660,GB &#8594; US,Apollo|AC-1|AC-2|GTT Atlantic|FA-1|EXA|TGN|Yellow|Amitied
217.163.129.170 4.69.208.58,150.88,17575881,GB &#8594; US,Apollo|AC-1|AC-2|GTT Atlantic|FA-1|EXA|TGN|Yellow|Amitied
212.119.4.205 129.250.5.9,70.42,43482560,GB &#8594; US,Apollo|AC-1|AC-2|GTT Atlantic|FA-1|EXA|TGN|Yellow|Amitied
87.245.238.253 154.54.3.134,213.60,66423679,GB &#8594; US,Apollo|AC-1|AC-2|GTT Atlantic|FA-1|EXA|TGN|Yellow|Amitied
171.75.9.131 4.68.110.125,126.42,27818094,GB &#8594; US,Apollo|AC-1|AC-2|GTT Atlantic|FA-1|EXA|TGN|Yellow|Amitied
171.75.9.213 4.68.110.125,131.02,27849461,GB &#8594; US,Apollo|AC-1|AC-2|GTT Atlantic|FA-1|EXA|TGN|Yellow|Amitied
171.75.8.101 4.68.110.125,146.98,27173388,GB &#8594; US,Apollo|AC-1|AC-2|GTT Atlantic|FA-1|EXA|TGN|Yellow|Amitied
171.75.8.51 153.92.2.81,242.94,28275385,GB &#8594; US,Apollo|AC-1|AC-2|GTT Atlantic|FA-1|EXA|TGN|Yellow|Amitied
171.75.8.165 154.54.11.110,123.96,50724746,GB &#8594; US,Apollo|AC-1|AC-2|GTT Atlantic|FA-1|EXA|TGN|Yellow|Amitied
87.245.232.203 198.32.160.182,118.19,17332733,GB &#8594; US,Apollo|AC-1|AC-2|GTT Atlantic|FA-1|EXA|TGN|Yellow|Amitied
87.245.233.44 198.32.160.182,86.02,57749933,GB &#8594; US,Apollo|AC-1|AC-2|GTT Atlantic|FA-1|EXA|TGN|Yellow|Amitied
63.223.14.70 63.218.27.25,81.08,39291726,GB &#8594; US,Apollo|AC-1|AC-2|GTT Atlantic|FA-1|EXA|TGN|Yellow|Amitied
171.75.8.251 4.68.127.221,110.72,39241511,GB &#8594; US,Apollo|AC-1|AC-2|GTT Atlantic|FA-1|EXA|TGN|Yellow|Amitied
171.75.9.134 4.68.70.169,162.55,24224660,GB &#8594; US,Apollo|AC-1|AC-2|GTT Atlantic|FA-1|EXA|TGN|Yellow|Amitied
171.75.9.210 4.68.70.169,144.99,64596287,GB &#8594; US,Apollo|AC-1|AC-2|GTT Atlantic|FA-1|EXA|TGN|Yellow|Amitied
171.75.8.10 4.68.62.129,172.69,27193677,GB &#8594; US,Apollo|AC-1|AC-2|GTT Atlantic|FA-1|EXA|TGN|Yellow|Amitied
80.231.131.1 66.109.6.116,175.42,23190014,GB &#8594; US,Apollo|AC-1|AC-2|GTT Atlantic|FA-1|EXA|TGN|Yellow|Amitied
195.66.226.254 184.104.195.14,86.44,49283495,GB &#8594; US,Apollo|AC-1|AC-2|GTT Atlantic|FA-1|EXA|TGN|Yellow|Amitied
213.19.197.34 154.54.88.225,170.32,24255127,GB &#8594; US,Apollo|AC-1|AC-2|GTT Atlantic|FA-1|EXA|TGN|Yellow|Amitied
171.75.8.51 4.69.209.78,83.12,28275385,GB &#8594; US,Apollo|AC-1|AC-2|GTT Atlantic|FA-1|EXA|TGN|Yellow|Amitied
171.75.8.45 4.59.234.37,161.69,79989158,GB &#8594; US,Apollo|AC-1|AC-2|GTT Atlantic|FA-1|EXA|TGN|Yellow|Amitied
171.75.8.87 4.68.37.85,112.30,34583597,GB &#8594; US,Apollo|AC-1|AC-2|GTT Atlantic|FA-1|EXA|TGN|Yellow|Amitied
171.75.8.27 209.120.246.126,154.34,25219106,GB &#8594; US,Apollo|AC-1|AC-2|GTT Atlantic|FA-1|EXA|TGN|Yellow|Amitied
87.245.233.57 99.83.66.197,105.50,57850215,GB &#8594; US,Apollo|AC-1|AC-2|GTT Atlantic|FA-1|EXA|TGN|Yellow|Amitied
167.98.32.216 4.30.179.42,69.82,31569155,GB &#8594; US,Apollo|AC-1|AC-2|GTT Atlantic|FA-1|EXA|TGN|Yellow|Amitied
171.75.8.1 4.16.226.69,160.88,45276550,GB &#8594; US,Apollo|AC-1|AC-2|GTT Atlantic|FA-1|EXA|TGN|Yellow|Amitied
212.187.142.178 4.69.219.110,57.86,73097013,GB &#8594; US,Apollo|AC-1|AC-2|GTT Atlantic|FA-1|EXA|TGN|Yellow|Amitied
195.66.226.31 154.54.38.209,72.06,10206831,GB &#8594; US,Apollo|AC-1|AC-2|GTT Atlantic|FA-1|EXA|TGN|Yellow|Amitied
184.104.191.182 184.104.198.25,54.49,40071798,GB &#8594; US,Apollo|AC-1|AC-2|GTT Atlantic|FA-1|EXA|TGN|Yellow|Amitied
185.40.232.21 154.54.28.49,65.60,11076695,GB &#8594; US,Apollo|AC-1|AC-2|GTT Atlantic|FA-1|EXA|TGN|Yellow|Amitied
171.75.9.27 4.59.232.137,167.31,53380414,GB &#8594; US,Apollo|AC-1|AC-2|GTT Atlantic|FA-1|EXA|TGN|Yellow|Amitied
212.74.86.157 206.223.117.67,153.41,62913860,GB &#8594; US,Apollo|AC-1|AC-2|GTT Atlantic|FA-1|EXA|TGN|Yellow|Amitied
171.75.8.101 4.68.75.77,112.32,4377618,GB &#8594; US,Apollo|AC-1|AC-2|GTT Atlantic|FA-1|EXA|TGN|Yellow|Amitied
171.75.8.136 4.68.75.77,112.37,7708587,GB &#8594; US,Apollo|AC-1|AC-2|GTT Atlantic|FA-1|EXA|TGN|Yellow|Amitied
171.75.9.27 4.68.75.77,126.73,27717242,GB &#8594; US,Apollo|AC-1|AC-2|GTT Atlantic|FA-1|EXA|TGN|Yellow|Amitied
171.75.8.204 4.68.75.77,127.51,57847140,GB &#8594; US,Apollo|AC-1|AC-2|GTT Atlantic|FA-1|EXA|TGN|Yellow|Amitied
171.75.9.124 4.68.62.225,86.34,22784537,GB &#8594; US,Apollo|AC-1|AC-2|GTT Atlantic|FA-1|EXA|TGN|Yellow|Amitied
171.75.9.108 4.68.111.101,160.85,24650573,GB &#8594; US,Apollo|AC-1|AC-2|GTT Atlantic|FA-1|EXA|TGN|Yellow|Amitied
212.162.30.218 63.223.43.225,129.32,23080934,GB &#8594; US,Apollo|AC-1|AC-2|GTT Atlantic|FA-1|EXA|TGN|Yellow|Amitied
195.66.226.191 69.28.171.50,82.87,73097013,GB &#8594; US,Apollo|AC-1|AC-2|GTT Atlantic|FA-1|EXA|TGN|Yellow|Amitied
195.66.227.187 154.25.7.217,242.85,34761153,GB &#8594; US,Apollo|AC-1|AC-2|GTT Atlantic|FA-1|EXA|TGN|Yellow|Amitied
5.56.17.181 154.25.7.245,207.04,22649644,GB &#8594; US,Apollo|AC-1|AC-2|GTT Atlantic|FA-1|EXA|TGN|Yellow|Amitied
171.75.9.75 4.68.73.197,76.46,26443813,GB &#8594; US,Apollo|AC-1|AC-2|GTT Atlantic|FA-1|EXA|TGN|Yellow|Amitied
63.223.18.58 63.222.7.45,290.75,39291726,GB &#8594; US,Apollo|AC-1|AC-2|GTT Atlantic|FA-1|EXA|TGN|Yellow|Amitied
171.75.9.27 4.68.38.49,43.52,61171903,GB &#8594; US,Apollo|AC-1|AC-2|GTT Atlantic|FA-1|EXA|TGN|Yellow|Amitied
62.40.98.33 154.54.56.174,110.72,26720984,GB &#8594; US,Apollo|AC-1|AC-2|GTT Atlantic|FA-1|EXA|TGN|Yellow|Amitied
171.75.8.197 4.68.72.33,100.65,50062157,GB &#8594; US,Apollo|AC-1|AC-2|GTT Atlantic|FA-1|EXA|TGN|Yellow|Amitied
217.163.129.170 192.205.32.58,94.44,17575881,GB &#8594; US,Apollo|AC-1|AC-2|GTT Atlantic|FA-1|EXA|TGN|Yellow|Amitied
171.75.9.71 4.53.198.41,107.77,38998047,GB &#8594; US,Apollo|AC-1|AC-2|GTT Atlantic|FA-1|EXA|TGN|Yellow|Amitied
193.114.170.207 206.223.118.241,107.43,27708883,GB &#8594; US,Apollo|AC-1|AC-2|GTT Atlantic|FA-1|EXA|TGN|Yellow|Amitied
